"Product ID","Name","Description","Meta Title","Meta description","Meta keywords"
7,"Bloch Serenade Pointe Ballet Shoes","<p>A wide platform for balancing en pointe.&nbsp;Longer vamp and firm shank help to prevent flexible&nbsp;feet from bending too far over pointe.&nbsp;Suited to a dancer with square shaped toes.&nbsp;Available with a stronger shank, S0131S.</p>","Bloch Serenade Pointe Ballet Shoes","This pointe ballet shoe has a wide platform for balancing en pointe. Bloch handmade professional ballet pointe dance shoes since 1932",
9,"Bloch Nicola Latin Tango Dance Shoes","<p>The narrow tapered heel and T-Bar strap provide support and make it a great shoe for social dancing. The self locking buckle is great for is great for quick changes and the suede sole is felxible and supportive for a greater range movement.</p>","Bloch Nicola Latin Tango Dance Shoes","Our Latin / Tango dance shoes have quick release buckles for fast costume changes. With a strong latin and tango height heal. Bloch handmade professional latin and tango dance shoes since 1932",
13,"Bloch European Balance Ballet Pointe Shoe","<p>Similar to the Balance, with a more tapered box&nbsp;and the inside of the shoe is narrower for a snug fit&nbsp;around the toes.</p>","Bloch European Balance Ballet Pointe Shoes","Top quality handmade professional ballet pointe dance shoes since 1932",
14,"Bloch B Morph Ballet Pointe Shoe","<p>Features TMT, allowing the dancer to mold the shoe&nbsp;to the contours of their feet.&nbsp;Wide platform helps to support and stabilize the&nbsp;ankle and enables the dancer to balance more&nbsp;easily 'en pointe'.</p>","Bloch B Morph Ballet Pointe Shoes","This pointe ballet shoes is designed to mold to the ballet dancers foot, giving ballet dancers great stability when en pointe. Bloch handmade professional ballet pointe dance shoes since 1932",
15,"Bloch Synergy Ballet Pointe Shoe","<p>A wider block around the metatarsals to&nbsp;accommodate bunions.&nbsp;Flexible shank supports the dancer 'en pointe' and allows demi pointe.</p>","Bloch Synergy Ballet Pointe Shoes","This professional ballet shoe is flexible to allow for en pointe and demi point. Bloch handmade professional ballet pointe dance shoes since 1932",
17,"Bloch Aspiration Ballet Pointe Shoe","<p>Wide box and platform allows the toes to spread&nbsp;and provides stability.</p>","Bloch Aspiration Ballet Pointe Shoes","A ballet shoes designed for en pointe stability allowing the toes to spread. Bloch handmade professional ballet pointe dance shoes since 1932",
18,"Bloch Amelie ballet Pointe Shoe","<p>The gently curved sides of the box encourage the&nbsp;foot into the correct alignment.&nbsp;A soft shank, graded in strength to allow the dancer&nbsp;to roll up onto pointe with ease.</p>","Bloch Amelie ballet Pointe Shoes","Soft shank ballet shoes, to aid the ballet dancer to roll the foot up into the en point with ease. Bloch Top quality handmade professional ballet pointe dance shoes since 1932",
19,"Bloch Alpha Ballet Pointe Shoe","<p>Full shank for support. With &frac34; outsole for increased flexibility.&nbsp;</p>","Bloch Alpha Ballet Pointe Shoes","Full shank support ballet shoes for extra support when en pointe. Bloch handmade professional pointe dance ballet shoes since 1932",
20,"Bloch Jetstream Ballet Pointe Shoe","<p>The Jetstream pointe shoe has been created with&nbsp;an innovative box design exclusive to Bloch.&nbsp;The new EVA cushioned box molds to the&nbsp;contours of the foot for greater comfort and shock&nbsp;absorbency eliminating the need for additional padding.&nbsp;Carefully tailored upper lining to reduce creasing.&nbsp;Low profile for a perfect continuation of the leg line.</p>","Bloch Jetstream Ballet Pointe Shoes","These ballet shoes have been specially designed with shock absorbing technology for those dancers en point. Bloch handmade professional ballet pointe dance shoes since 1932",
21,"Bloch Sonata Ballet Pointe Shoe","<p>The platform is as wide as Serenade but taller, which makes it a good balancing shoe. The box contains a sponge inside the toe at the platform for extra comfort and contains no tack or glue on the heel allowing the shank to bend easier at 3/4. A good and comfortable 'all rounder' shoe. Available with a stronger shank, S0130S.</p>","Bloch Sonata Ballet Pointe Shoes","En Pointe ballet shoes. these shoes have been designed to be a good balancing shoes for demanding en pointe routines. Top quality handmade professional ballet pointe dance shoes since 1932",
22,"Bloch Sonata Strong Ballet Pointe Shoe","<p>A wide platform for balancing 'en pointe'.&nbsp;Tapered heel for a snug fit.&nbsp;Stronger shank, 2.5mm board instead of a 1.8mm.</p>","Bloch Sonata Strong Ballet Pointe Shoes","Strong shank ballet shoes. With a wide platform to give greater en pointe stability. Bloch handmade professional ballet pointe dance shoes since 1932",
24,"Bloch Serenade Strong Ballet Pointe Shoe","<p>Stronger shank 2.5mm board.&nbsp;A wide platform for balancing en pointe.&nbsp;Longer vamp and firm shank help to prevent flexible&nbsp;feet from bending too far over pointe.&nbsp;Suited to a dancer with square shaped toes.</p>","Bloch Serenade Strong Ballet Pointe Shoes","Strong shank ballet shoes. The shank strength will reduce over pointe in flexible feet. Bloch handmade professional ballet pointe dance shoes since 1932",
25,"Bloch Suprima Ballet Pointe Shoe","<p>Tapered shape for slender feet.&nbsp;Smaller platform and tapered box flatter the line&nbsp;of the leg.&nbsp;Has the smallest platform &amp; most tapered box of all&nbsp;the Bloch pointe shoes. These two features give an&nbsp;aesthetically pleasing finish to the leg line.&nbsp;Also available with a stronger shank, S0132S.</p>","Bloch Suprima Ballet Pointe Shoes","Ballet shoes for narrow feet. These ballet shoes are designed to give narrow feet support when en pointe. Bloch handmade professional en point ballet shoes since 1932",
26,"Bloch Suprima Strong Ballet Pointe Shoe","<p>Identical to the Suprima but with stronger shank.&nbsp;Shank is made with a 2.5mm board.</p>","Bloch Suprima Strong Ballet Pointe Shoes","Strong shank ballet shoes for narrow feet. These ballet shoes are designed to give narrow feet support when en pointe. Bloch handmade professional en point ballet shoes since 1932",
27,"Bloch Demi Ballet Pointe Shoe","<p>The Demipointe shoe helps to build strength in&nbsp;the dancer preparing for pointe work, by providing&nbsp;resistance to the foot when pointing.&nbsp;Features a curved box shaped like a pointe shoe&nbsp;but slightly softer&nbsp;and not intended to support the dancer 'en pointe'.</p>","Bloch Demi Ballet Pointe Shoes","Demi pointe ballet shoes, for ballet dancers needed to strengthen feet prior to being en poitne. Bloch handmade professional en point ballet shoes since 1932",
28,"Bloch Triomphe Ballet Pointe Shoe","<p>A tapered platform and slim box to flatter the line&nbsp;of the leg.&nbsp;A firm shank supports the dancer 'en pointe'.&nbsp;Features a suede toe cap to reduce wear and tear&nbsp;on the platform and helps to prevent slipping on the&nbsp;corners of the platform.</p>","Bloch Triomphe Ballet Pointe Shoes","Suede toed ballet shoes with strong shank. These ballet shoes are designed to be hard wearing and highly support the en pointe position. Bloch handmade professional en point ballet shoes since 1932",
29,"Bloch Heritage Ballet Pointe Shoe","<p>Flattering V shaped vamp, light and streamlined shoe.&nbsp;Shank is gently curved to hug the arch when&nbsp;pointing and allows flexibility and control.</p>","Bloch Heritage Ballet Pointe Shoes","Curved Shank Ballet Shoes. Light and Flexible Ballet shoes for better pointed form. Bloch handmade professional en point ballet shoes since 1932",
31,"Bloch Ultraflex Jazz Dance Shoe","<p>Soft leather upper with laces for a secure fit.&nbsp;Rubber split sole.</p>","Bloch Ultraflex Jazz Dance Shoes","Black leather jazz shoes. Bloch handmade professional dance shoes since 1932",
32,"Bloch Wave Sneaker","<p>Built in arch support to elevate and accentuate the arch.&nbsp;Cushioned heel for shock absorption and comfort.&nbsp;Flexible non marking outsole with TPU spin spot.&nbsp;Lightweight breathable mesh upper and dri-lex&nbsp;lining with wicking properties.</p>","Bloch Wave Dance Sneakers","Wave Dance trainer. The only trainer shoes specially designed for the needs of street dancers. Bloch handmade professional dance shoes since 1932",
33,"Bloch Flash Sneaker","<p>Versatile split sole dance sneaker with built in arch support. Coloured, flexible non-marking outsole with functional TPU spin spot. Breathable mesh upper and dri-lex lining with wicking properties.</p>","Bloch Flash Dance Sneakers","Flash Dance trainer. The only trainer shoes specially designed for the needs of street dancers. Bloch handmade professional dance shoes since 1932",
34,"Bloch Twist Sneaker","<p>Built in arch support to accentuate the arch.&nbsp;High density non marking TPU outsole with&nbsp;functional spin spot.&nbsp;Features a cushioned heel for shock absorption&nbsp;and comfort.&nbsp;Breathable mesh upper and dri-lex lining with&nbsp;wicking properties.</p>","Bloch Twist Dance Sneakers","Twist Dance trainer. The only trainer shoes specially designed for the needs of street dancers. Bloch handmade professional dance shoes since 1932",
35,"Bloch Criss Cross Sneaker","<p>Versatile split-sole dance sneaker with built in arch support. Flexible non marking outsole with functional TPU spin spot. Lightweight breathable mesh upper and dri-lex lining with wicking properties.</p>","Bloch Criss Cross Dance Sneakers","Criss Cross Dance trainer. The only trainer shoes specially designed for the needs of street dancers. Bloch handmade professional dance shoes since 1932",
36,"Bloch Evolution Sneaker","<p>Leather and mesh low profile dance sneaker.&nbsp;Non-marking outsole.&nbsp;EVA foam midsole for comfort and shock absorption.&nbsp;Removable sock liner for comfort.</p>","Bloch Evolution Dance Sneakers","Evolution Dance trainer. The only trainer shoes specially designed for the needs of street dancers. Bloch handmade professional dance shoes since 1932",
37,"Bloch Boost DRT Sneaker","<p>Boost DRT incorporates super lightweight materials and a custom fit to provide support &amp; optimum arch fit. The cushioned heel provides comfort, while the spin spot and flexible split sole make this shoe articulate and supportive. All time favourite.&nbsp;</p>","Bloch Boost DRT Sneaker","Boost DRT Dance trainer. The only trainer shoes specially designed for the needs of street dancers. Bloch handmade professional dance shoes since 1932",
38,"Bloch Amalgam Sneaker","<p>Crossover jazz shoe to dance sneaker with leather&nbsp;and mesh upper.&nbsp;Ultra lightweight, flexible design providing freedom&nbsp;to move for the feet through all positions.&nbsp;Feminine form with exaggerated arch profile&nbsp;creating an elegant fit.&nbsp;Dri-Lex lining that is non-wrinkling, breathable and&nbsp;odor/mildew resistant.&nbsp;Non-marking thin split sole and intelligent flat&nbsp;lacing system.</p>","Bloch Amalgam Sneaker","Amalgam Jazz / Dance trainer. The only crossover dance/ Jazz shoes specially designed for the needs of street dancers. Bloch handmade professional dance shoes since 1932",
39,"Bloch Foot thong II","<p>Suede leather forefoot pad protects the ball of&nbsp;the foot from abrasion, particularly in styles such as&nbsp;contemporary, jazz and lyrical.&nbsp;Elastics over foot secure the Foot Thong.&nbsp;Extra instep elastic for security.</p>","Bloch Foot thong II","Leather footpad protector for the ball of foot. Designed to protect feet in Jazz and contemporary dance routines. Bloch handmade professional dance shoes since 1932",
40,"Bloch Cabaret Dance Shoe","<p>Leather chorus shoe with a 2&frac12;&rdquo; heel.&nbsp;Cushioned insole for comfort and shock absorption.&nbsp;Elastic join to release tension on the instep.</p>","Bloch Cabaret Dance Shoes","2 1/2"" inch heel black leather cabaret dance shoes also available in tan. Bloch handmade professional dance shoes since 1932",
41,"Bloch Jazz tap Heel & Toe Tap Shoes","<p>Jazz style leather upper.&nbsp;The toe tap is secured to a resonating board for a&nbsp;full sound and stability.&nbsp;Techno heel &amp; toe taps.</p>","Bloch Jazz tap Heel & Toe Tap Shoes","Bloch Jazz tap Heel & Toe Tap Shoes. Bloch handmade professional dance tap and jazz shoes since 1932",
42,"Bloch Paris Teaching Ballet Shoe","<p>Leather split sole ballet upper with a 1&rdquo; heel to&nbsp;reduce strain on the Achilles tendon and calf muscle.&nbsp;Drawstring cord to adjust fit.&nbsp;Canvas lining.</p>","Bloch Paris Teaching Ballet Shoes","Black Leather split sole ballet shoe with a 1‚Äù heel to reduce strain on the Achilles tendon. Bloch handmade professional dance shoes since 1932",
44,"Bloch Full Sole Leather Ballet Shoe","<p>Leather full sole.&nbsp;Cotton lining and pre-sewn instep elastic.</p>","Bloch Girls Full Sole Leather Ballet Shoes","Girls pink leather ballet shoes, full sole. Bloch handmade professional dance shoes since 1932",
46,"Bloch Prolite Satin Ballet Shoe","<p>Satin full sole.&nbsp;Cotton lining and suede insock.</p>","Bloch Girls Prolite Satin Pink Ballet Shoes","Bloch Girls Prolite Satin Pink Ballet Shoes full sole for Ballet beginners. Bloch handmade professional dance shoes since 1932",
47,"Bloch Split Sole Satin Ballet Shoe","<p>Satin split sole.&nbsp;Cotton lining and suede insock.</p>","Bloch Split Sole Satin Ballet Shoes","Bloch Girls Satin Pink Ballet Shoes split sole for Ballet beginners. Bloch handmade professional dance shoes since 1932",
48,"Bloch Proform Leather Ballet Shoes","<p>Leather split sole with a specially shaped forefoot&nbsp;outsole pad to protect the metatarsals.&nbsp;Ridges underfoot are minimized for a flatter and&nbsp;more stable surface for turns and balances.&nbsp;Anti-bacterial cotton lining.</p>","Bloch Proform Leather Ballet Shoes","Bloch Proform girls leather pink ballet shoes split sole for ballet beginners. Bloch handmade professional dance shoes since 1932",
49,"Bloch Proform Canvas Ballet Shoes","<p>Canvas split sole with a specially shaped forefoot&nbsp;outsole pad to protect the metatarsals.&nbsp;Ridges underfoot are minimized for a flatter and&nbsp;more stable surface for turns and balances.&nbsp;Anti-bacterial cotton lining.</p>","Bloch Proform Canvas Ballet Shoes","Bloch Proform girls canvas pink ballet shoes split sole for ballet beginners. Bloch handmade professional dance shoes since 1932",
50,"Bloch Proarch Leather Ballet Shoes","<p>Leather split sole with fine mesh arch insert that&nbsp;hugs the foot when pointing and allows the foot to&nbsp;breathe.&nbsp;Anti-bacterial cotton lining.</p>","Bloch Proarch Leather Ballet Shoes","Bloch Proarch girls leather pink ballet shoes split sole with mesh vent. Bloch handmade professional dance shoes since 1932",
51,"Bloch Proarch Canvas Ballet Shoes","<p>Leather split sole with fine mesh arch insert that&nbsp;hugs the foot when pointing and allows the foot to&nbsp;breathe.&nbsp;Anti-bacterial cotton lining.</p>","Bloch Proarch Canvas Ballet Shoes","Bloch Proarch girls canvas pink ballet shoes split sole with mesh vent. Bloch handmade professional dance shoes since 1932",
52,"Bloch Pump Ballet Shoes","<p>Canvas split sole.&nbsp;Traditional stitching technique encourages the shoe&nbsp;to hug the arch when pointing.</p>","Bloch Pump Ballet Shoes","Bloch Pump girls canvas pink ballet shoes split sole with traditional stitching. Bloch handmade professional dance shoes since 1932",
53,"Bloch Mens Pump Ballet Shoes","<p>Canvas split sole.&nbsp;Traditional stitching technique encourages the shoe&nbsp;to hug the arch when pointing.</p>","Bloch Mens Pump Ballet Shoes","Bloch Pump mens canvas black ballet shoes split sole with traditional stitching. Bloch handmade professional dance shoes since 1932",
54,"Bloch Pro Elastic Ballet Shoe","<p>A canvas split sole ballet flat with elastic in place of&nbsp;binding and drawstring &ndash; the elastic contours to the&nbsp;foot, reduces pressure on the Achilles tendon and&nbsp;on the dorsal surface of the foot when it contacts&nbsp;the floor.&nbsp;Pre-sewn crossed instep elastics.&nbsp;Triangle stretch canvas arch insert that hugs the&nbsp;foot when pointing.&nbsp;Forefoot outsole pad shaped to protect the&nbsp;metatarsals.</p>","Bloch Pro Elastic Ballet Shoe","Bloch pro elastic girls canvas pink ballet shoes split sole elastic binding. Bloch handmade professional dance shoes since 1932",
55,"Bloch Foot Glove","<p>Acts as a barely visible layer on your foot, protecting&nbsp;it from abrasion.&nbsp;Breathable mesh upper with form fitting leather outsole.&nbsp;Easy to use toe holes for universal fit.</p>","Bloch Foot Glove","Bloch foot gloves leather pad protects the ball of your foot when dancing. Bloch professional dance shoes since 1932",
56,"Bloch Soleil Foot Glove","<p>Soft supple leather protects toes and ball of foot&nbsp;from abrasion.&nbsp;Silicon backed elastic grips the foot preventing the&nbsp;strap from slipping.&nbsp;Cotton terry lining for comfort.</p>","Bloch Soleil Foot Glove","Bloch Soleil foot gloves leather pad protects toes and the ball of your foot when dancing. Bloch professional dance shoes since 1932",
57,"Bloch Foot thong III","<p>Double sided, suede leather forefoot pad protects&nbsp;the ball of the foot from abrasion, particularly in&nbsp;styles such as contemporary, jazz and lyrical.&nbsp;Silicon lined elastic secures forefoot pad to the foot.&nbsp;Thin suede strips in between the toes stop the pad&nbsp;from twisting.</p>","Bloch Foot thong III","Bloch foot thong III leather footpad protector for the ball of foot. Designed to protect feet in Jazz and contemporary dance routines. Bloch handmade professional dance shoes since 1932",
58,"Bloch Foot Wrap II","<p>Toe openings positioned for ease of weight&nbsp;distribution and lined with a layer of silicon to&nbsp;ensure a tight, secure fit.&nbsp;Breathable mesh.&nbsp;Suede cushioning design to give enough slip and&nbsp;grip against the dance floor.</p>","Bloch Foot Wrap II","Bloch foot wrap II leather footpad protector for the ball of foot. Designed to protect feet in Jazz and contemporary dance routines. Bloch handmade professional dance shoes since 1932",
59,"Eclipse Leather","<p>Supple leather upper that protects foot without&nbsp;restricting movement.&nbsp;Silicon backing on elastic strap to prevent strap&nbsp;slipping while on foot.&nbsp;Leather outsole for turning ease, and cotton terry&nbsp;lining for comfort.</p>","Eclipse Leather",,
60,"Bloch Chord T-Bar Dance Shoes","<p>A leather chorus shoe T-Bar strap and a 3&rdquo; heel.&nbsp;Cushioned insole for comfort and shock absorption.&nbsp;Elastic strap to release tension on the instep.</p>","Bloch Chord black leather T-Bar Dance Shoes","Bloch Chord black leather T-Bar Dance Shoes 3 inch heel also available in tan. Bloch handmade professional dance shoes since 1932",
61,"Bloch Chord Ankle Dance Shoes","<p>A leather chorus shoe with a 3&rdquo; heel.&nbsp;Cushioned insole for comfort and shock absorption.&nbsp;Elastic strap to release tension on the instep.</p>","Bloch Chord Ankle Dance Shoes","Bloch Chord black leather ankle strap dance shoes 3 inch heel also available in tan. Bloch handmade professional dance shoes since 1932",
62,"Splitflex Dance Shoes","<p>A versatile leather character shoe.&nbsp;Suede forefoot outsole.&nbsp;Elasticized panel underfoot enables the Splitflex to&nbsp;move with the foot in pointe and demi.</p>","Splitflex Dance Shoes","Bloch handmade professional dance shoes since 1932",
63,"Splitpro Dance Shoes","<p>Cushioned insole and internal shank stabilizer reinforces the heel without compromising flexibility. Leather upper and lining with contoured 3&rdquo; heel. Suede forefoot outsole for ease of turning and sliding while providing control.</p>","Splitpro Dance Shoes","Bloch handmade professional dance shoes since 1932",
64,"Bloch Grecian Sandal Teaching Dance Shoe","<p>Suede split sole teaching shoe with leather upper.&nbsp;1&rdquo; heel to reduce strain on the Achilles tendon and&nbsp;the calf muscle.&nbsp;T-bar leather strap with elastic to reduce pressure&nbsp;on the instep.</p>","Bloch Grecian Sandal Teaching Dance Shoe","T Bar leather dance shoe in Pink or Black. Bloch handmade professional dance shoes since 1932",
65,"Bloch Merry Jane Tap Shoes","<p>Introductory synthetic leather tap shoe with a&nbsp;removable matching bow that slides on and off the&nbsp;instep strap.&nbsp;Cushioned insole for comfort and shock absorption.&nbsp;Elastic strap join to release tension on the instep.&nbsp;Techno heel &amp; toe taps.</p>
<p><span style=""font-size: small;""><br /></span></p>","Bloch Merry Jane Tap Shoes","Bloch Merry Jane black synthetic leather tap shoes. Bloch handmade professional dance tap shoes since 1932",
66,"Bloch Charleston Tap Shoes","<p>Steel resonance plate between the tap and outsole&nbsp;for optimum depth and pitch.&nbsp;Man made upper and leather sole.&nbsp;Soft dri-lex lining for luxurious comfort and wicking&nbsp;properties.&nbsp;Cushioning insole for comfort and shock absorption.&nbsp;Shockwave heel &amp; toe taps.</p>","Bloch Charleston Tap Shoes","Bloch Charleston Leather Tap Shoes. Steel resonance plate to deliver optimum pitch on the tap. Bloch handmade professional dance tap shoes since 1932",
67,"Bloch Respect Tap Shoes","<p>Lace up full grain leather upper and leather stacked heel.&nbsp;Kashmir lining for comfort and to reduce moisture.&nbsp;Heel notch to reduce pressure on the Achilles&nbsp;tendon.&nbsp;Stitch detail on upper for a character shoe look.&nbsp;Shockwave heel &amp; toe taps.</p>","Bloch Respect Tap Shoes","Bloch Respect Leather Tap Shoes. Shockwave heal and toe taps to deliver optimum pitch on the tap. Bloch handmade professional dance tap shoes since 1932",
68,"Bloch Audeo Tap Shoes","<p>Lace up full grain leather upper and leather stacked heel.&nbsp;Kashmir lining for comfort and to reduce moisture.&nbsp;Heel notch to reduce pressure on the Achilles&nbsp;tendon.</p>","Bloch Audeo Tap Shoes","Bloch Audeo Leather Tap Shoes. Heal notch to reduce achilles tendon pressure. Bloch handmade professional dance tap shoes since 1932",
69,"Bloch Jason Samuel Smith Tap Shoes","<p>Oxford leather upper with build up &ndash; a double hard&nbsp;leather outsole.&nbsp;Triple stacked heel.&nbsp;Steel resonance plate between the tap and outsole&nbsp;for optimum depth and pitch.&nbsp;Kashmir lining for comfort and to reduce moisture.</p>","Bloch Jason Samuel Smith Tap Shoes","Bloch Jason Samual Smith  leather tap shoes. Steel resonance plate to deliver optimum pitch on the tap. Bloch handmade professional dance tap shoes since 1932",
70,"Bloch Techno Heel Tap Shoes","<p>Special formulated and composite alloy create a distinct&nbsp;and rich sound.</p>","Bloch Replacement Techno Heel Tap Shoes","Bloch Replacement Techno Heel Taps. Bloch handmade professional dance tap shoes since 1932",
71,"Bloch Techno Toe Tap Shoes","<p>al formulated and composite alloy create a distinct&nbsp;and rich sound.</p>","Bloch Replacement Techno Toe Tap Shoes","Bloch Replacement Techno Toe Taps. Bloch handmade professional dance tap shoes since 1932",
72,"Bloch Slipstream Jazz Shoes","<p>Leather and mesh slip on upper with an elastic&nbsp;lacing system for a secure fit.&nbsp;Rubber split sole.</p>","Bloch Slipstream Jazz Shoes","Bloch Slipstream Black Jazz Shoes, split sole leather and mesh. Bloch handmade professional dance jazz shoes since 1932",
73,"Bloch Neo Flex Jazz Dance Shoes","<p>Bloch&rsquo;s specially developed soft, strong leather jazz shoe.&nbsp;Slip on version of S0493.</p>","Bloch Neo Flex Jazz Dance Shoes","Bloch Neo Flex black leather jazz shoes, split sole. Bloch handmade professional dance jazz shoes since 1932",
74,"Bloch Neo-Jazz Jazz Dance Shoes","<p>Lace up, leather upper with neoprene mid-section&nbsp;to hug the arch.&nbsp;Rubber split sole.</p>","Bloch Neo-Jazz Jazz Dance Shoes","Bloch Slipstream Black Neo leather lace up Jazz Shoes, split sole. Bloch handmade professional dance jazz shoes since 1932",
75,"Bloch Jazzsoft Kids Jazz Dance Shoes","<p>Leather, lace up upper with leather arch panel for&nbsp;increased flexibility.&nbsp;Rubber split sole.</p>","Bloch Jazzsoft Kids Jazz Dance Shoes","Bloch jazzsoft white girls leather jazz shoes, split sole. Bloch handmade professional dance jazz shoes since 1932",
76,"Bloch Enduro Tech Jazz Dance Shoes","<p>Leather lace up upper with mesh arch and&nbsp;punctured insole for aeration.&nbsp;Reinforced suede on outsole for durability.&nbsp;Heel notch to reduce stress on the Achilles tendon.</p>","Bloch Enduro Tech Jazz Dance Shoes","Bloch Enduro Tech Jazz Dance Shoes. Bloch handmade professional dance jazz shoes since 1932",
77,"Bloch Enduro Bootie Jazz Dance Boot","<p>Leather slip on upper with stretch satin instep&nbsp;panels for a snug fit.&nbsp;Rubber split sole.</p>","Bloch Enduro Bootie Jazz Dance Boot","Bloch Enduro Bootie Jazz Dance Boot. Bloch handmade professional dance jazz shoes since 1932",
78,"Bloch Ballet Pointe Cushion (S/M)","<p>Lightweight silicon pad to be worn with pointe&nbsp;shoes for protection while en pointe.&nbsp;Provides protection to toes from pressure associated&nbsp;with pointe work.&nbsp;Washable and re-usable.&nbsp;Can be cut to size required by dancer.</p>","Bloch Ballet Pointe Cushion (S/M)","Bloch Ballet Pointe Cushion. Bloch handmade professional ballet pointe dance shoes since 1932",
79,"Bloch Gel Strip Pressure Protection","<p>Gel coating to ease pressure from the joint.</p>","Bloch Gel Strip Pressure Protection","Bloch Gel Strip Pressure Protection. Bloch handmade professional ballet pointe dance shoes since 1932",
80,"Bloch Gel Tip (S/M) Pressure Protection","<p>Thimble like tips protect toe nails &amp; joints.</p>
<p>Can be cut to size to fit shorter toes.</p>","Bloch Gel Tip (S/M) Pressure Protection","Bloch Gel Tip (S/M) Pressure Protection. Bloch handmade professional ballet pointe dance shoes since 1932",
81,"Bloch Bunion Guard Gel","<p>Gel coating to protect.</p>","Bloch Bunion Guard Gel","Bloch Bunion Guard Gel. Bloch handmade professional ballet pointe dance shoes since 1932",
82,"Bloch Toe Separators","<p>Helps alleviate inner toe friction and irritation caused by toe nails or corns.</p>","Bloch Toe Separators","Bloch Toe Separators. Bloch handmade professional ballet pointe dance shoes since 1932",
83,"Bloch Toe Spacer Max","<p>Helps alleviate inner toe friction and irritation caused by toe nails or corns.</p>","Bloch Toe Spacer Max","Bloch Toe Spacer Max. Bloch handmade professional ballet pointe dance shoes since 1932",
84,"Bloch Prima Pro Pad (S/M)","<p>Thin fabric base instead of gel reduces bulk. Darts on either&nbsp;side of the upper help to create a good fit.</p>","Bloch Prima Pro Pad (S/M)","Bloch Prima Pro Pad (S/M). Bloch handmade professional ballet pointe dance shoes since 1932",
85,"Bloch Space Enhancer ","<p>Helps alleviate inner toe friction and irritation cause by toenails or corns.</p>","Bloch Space Enhancer ","Bloch Space Enhancer . Bloch handmade professional ballet pointe dance shoes since 1932",
86,"Bloch Ladies Micro Dance Shorts","<p class=""sizes"">Micro short in fine gauge jersey knit with ribbed waistband.</p><p class=""sizes""><strong>Fabric:</strong><br />Jersey and Rib - Rayon / Nylon / Spandex</p>","Bloch Ladies Micro Dance Shorts","Bloch Ladies Micro Dance Shorts. Bloch professional dancewear since 1932",
88,"Bloch Ladies Roll Over High Dance Shorts","<p class=""sizes"">Short with ribbed waist. May be worn folded down over hips, or extended to warm lower back.</p>
<p class=""sizes""><strong>Fabric:</strong><br />Jersey and Rib - Rayon / Nylon / Spandex</p>
<p class=""sizes"">&nbsp;</p>","Bloch Ladies Roll Over High Dance Shorts.","Bloch Ladies Roll Over High Dance Shorts.. Bloch professional dancewear since 1932",
89,"Bloch Over Knee Leg Warmers","<p class=""sizes"">Over knee leg warmer in fine gauge jersey knit. Ribbed trim at thigh and ankle, can be worn scrunched.</p>
<p class=""sizes""><strong>Fabric:</strong><br />Plain Rib and Knit - Rayon / Nylon / Spandex</p>
<p class=""sizes"">&nbsp;</p>","Bloch Over Knee Leg Warmers","Bloch Over Knee Leg Warmers. Bloch professional dancewear since 1932",
90,"Bloch Ladies Pleated Bodice Dance Leotard","<p>Pleated bodice cap sleeve leotard.</p>
<p>&nbsp;</p>
<p><strong>Fabric:</strong></p>
<p>Micro spandex</p>
<p>&nbsp;</p>","Bloch Ladies Pleated Bodice Dance Leotard","Bloch Ladies Pleated Bodice Dance Leotard. Bloch professional dancewear since 1932",
91,"Bloch Ladies Pleated Bodice Cami Dance Leotard","<p>Pleated bodice cami leotard.</p>
<p>&nbsp;</p>
<p><strong>Fabric:</strong></p>
<p>Micro spandex</p>","Bloch Ladies Pleated Bodice Cami Dance Leotard","Bloch Ladies Pleated Bodice Cami Dance Leotard. Bloch professional dancewear since 1932",
92,"Bloch Ladies Knotted Twist Back Dance Leotard","<p>Knotted twist back leotard.&nbsp;</p>
<p>&nbsp;</p>
<p><strong>Fabric:</strong></p>
<p>Supplex spandex</p>
<p>&nbsp;</p>
<p>&nbsp;</p>","Bloch Ladies Knotted Twist Back Dance Leotard","Bloch Ladies Knotted Twist Back Dance Leotard. Bloch professional dancewear since 1932",
93,"Bloch Ladies Knotted Oval Back Dance Leotard","<p>Knotted oval back leotard.</p>
<p>&nbsp;</p>
<p><strong>Fabric:</strong></p>
<p>Supplex spandex</p>
<p>&nbsp;</p>
<p>&nbsp;</p>","Bloch Ladies Knotted Oval Back Dance Leotard","Bloch Ladies Knotted Oval Back Dance Leotard. Bloch professional dancewear since 1932",
94,"Bloch Ladies Kina Twisted Cap Sleeve Dance Leotard","<p>Twist cap sleeve leotard.</p>
<p>&nbsp;</p>
<p><strong>Fabric:</strong></p>
<p>Main - Microlux&trade; Nylon / Spandex</p>
<p>Contrast - Nylon / Spandex sheer</p>","Bloch Ladies Kina Twisted Cap Sleeve Dance Leotard","Bloch Ladies Kina Twisted Cap Sleeve Dance Leotard. Bloch professional dancewear since 1932",
95,"Bloch Mahina Satin Frill Dance Leotard","<p>Satin frill trim back slit leotard.</p>
<p>&nbsp;</p>
<p>Fabric:</p>
<p>Main - Microlux&trade; Nylon / Spandex</p>
<p>Contrast - Nylon / Spandex sheer</p>","Bloch Mahina Satin Frill Dance Leotard","Bloch Mahina Satin Frill Dance Leotard. Bloch professional dancewear since 1932",
96,"Bloch Kiele Stain Sheer Top Dance Leotard","<p>Satin fill trim sheer top leotard.</p>
<p>&nbsp;</p>
<p>Fabric:</p>
<p>Main - Microlux&trade; Nylon / Spandex</p>
<p>Contrast - Nylon / Spandex sheer</p>","Bloch Kiele Stain Sheer Top Dance Leotard","Bloch Kiele Stain Sheer Top Dance Leotard. Bloch professional dancewear since 1932",
97,"Bloch Aolani Rouleaux Lattice Back Dance Leotard","<p>Rouleaux lattice back leotard.</p>
<p>&nbsp;</p>
<p><strong>Fabric:</strong></p>
<p>Main - Dritex&trade; Nylon / Spandex</p>
<p>Contrast - Nylon / Spandex sheer</p>","Bloch Aolani Rouleaux Lattice Back Dance Leotard","Bloch Aolani Rouleaux Lattice Back Dance Leotard. Bloch professional dancewear since 1932",
98,"Bloch Cinnamon Halter Twist Back Dance Leotard","<p>Halter twist back leotard.</p>
<p>&nbsp;</p>
<p><strong>Fabric:</strong></p>
<p>Microlux&trade; Nylon / Spandex</p>","Bloch Cinnamon Halter Twist Back Dance Leotard","Bloch Cinnamon Halter Twist Back Dance Leotard. Bloch professional dancewear since 1932",
99,"Bloch Sissone High Leg Low Back Dance Leotard","<p>Ladies' basic high leg low back round front cami leotard.</p>
<div><strong>Fabric:</strong></div>
<div>Cotton / Spandex</div>","Bloch Sissone High Leg Low Back Dance Leotard","Bloch Sissone High Leg Low Back Dance Leotard. Bloch professional dancewear since 1932",
100,"Bloch Royal Low Back Dance Leotard","<p>Ladies' basic rouched front and low back leotard.</p>
<p>&nbsp;</p>
<p><strong>Fabric:</strong></p>
<p>Cotton / Spandex</p>","Bloch Royal Low Back Dance Leotard","Bloch Royal Low Back Dance Leotard. Bloch professional dancewear since 1932",
101,"Bloch Ballon Low Back Dance Leotard","<p>Ladies' basic three quarter sleeve and low back leotard.</p>
<p>&nbsp;</p>
<p><strong>Fabric:</strong></p>
<p>Cotton / Spandex</p>","Bloch Ballon Low Back Dance Leotard","Bloch Ballon Low Back Dance Leotard. Bloch professional dancewear since 1932",
102,"Bloch Ballet Girls Short Sleeve Dance Leotard","<p>Girl's basic round front&nbsp;&amp; back&nbsp;neckline short sleeve leotard.</p>
<p>&nbsp;</p>
<div><strong>Fabric:</strong></div>
<div>Cotton / Spandex</div>","Bloch Ballet Girls Short Sleeve Dance Leotard","Bloch Ballet Girls Short Sleeve Dance Leotard. Bloch professional dancewear since 1932",
103,"Bloch Tutu Girls Tank Dance Leotard","<p>Girl's basic round front &amp; back neckline tank leotard.</p>
<div><strong>Fabric:</strong></div>
<div>Cotton / Spandex</div>","Bloch Tutu Girls Tank Dance Leotard","Bloch Tutu Girls Tank Dance Leotard. Bloch professional dancewear since 1932",
104,"Bloch Plie Girls Thin Strap Dance  Leotard","<p>Girls thin strap round front cami leotard.</p>
<p>&nbsp;</p>
<p><strong>Fabric:</strong></p>
<p>Cotton / Spandex</p>","Bloch Plie Girls Thin Strap Dance  Leotard","Bloch Plie Girls Thin Strap Dance  Leotard. Bloch professional dancewear since 1932",
105,"Bloch Puakea Long Sleeve Top ","<p>Long sleeve metal ring top.</p>
<p>&nbsp;</p>
<p><strong>Fabric:</strong></p>
<p>Polyester / Spandex</p>
<p>&nbsp;</p>
<p>COMING SOON</p>","Bloch Puakea Long Sleeve Top ","Bloch Puakea Long Sleeve Top . Bloch professional dancewear since 1932",
106,"Bloch Kalea Crop Terry Hoddie","<p>Crop terry hoodie.</p>
<p>&nbsp;</p>
<p>Fabric:</p>
<p>Main - Cotton / Elastane</p>
<p>Contrast - Cotton / Spandex</p>
<p>&nbsp;</p>","Bloch Kalea Crop Terry Hoddie","Bloch Kalea Crop Terry Hoddie. Bloch professional dancewear since 1932",
107,"Bloch Kawena Fold Down Waistband Dance Shorts","<p>Terry fold down waistband short.</p>
<p>&nbsp;</p>
<p><strong>Fabric:</strong></p>
<p>Cotton / Elastane</p>
<p>&nbsp;</p>
<p>COMING SOON</p>","Bloch Kawena Fold Down Waistband Dance Shorts","Bloch Kawena Fold Down Waistband Dance Shorts. Bloch professional dancewear since 1932",
108,"Bloch Full Length Gored Skirt ","<p class=""sizes"">Full length gored skirt with elastic waist yoke.</p>
<p class=""sizes"">&nbsp;</p>
<p class=""sizes""><strong>Fabric:</strong></p>
<p class=""sizes"">Polyester / Spandex</p>","Bloch Full Length Gored Skirt ","Bloch Full Length Gored Skirt . Bloch professional dancewear since 1932",
109,"Bloch Georgette Wrap Skirt","<p class=""sizes"">Classic solid black georgette wrap skirt with matching tie binding. This skirt falls 16 inches in front and 20 inches in back.</p>
<p class=""sizes"">&nbsp;</p>
<p class=""sizes""><strong>Fabric:</strong>&nbsp;&nbsp;</p>
<p class=""sizes"">Polyester Georgette</p>","Bloch Georgette Wrap Skirt","Bloch Georgette Wrap Skirt. Bloch professional dancewear since 1932",
110,"Bloch Belle Tutu Ballet Skirt","<p>&nbsp;</p>
<div>Ladies' rehearsal tutu skirt.</div>
<div><strong>Fabric:</strong></div>
<div>Main - Nylon firm tulle</div>
<div>Contrast - Nylon / Spandex</div>","Bloch Belle Tutu Ballet Skirt","Bloch Belle Tutu Ballet Skirt. Bloch professional dancewear since 1932",
111,"Bloch Laka V-link Rouleaux Front Shorts","<p>Ladies V-link rouleaux front&nbsp;short.</p>
<p>&nbsp;</p>
<p><strong>Fabric:</strong><br />Main - Dritex&trade; Nylon / Spandex<br />Contrast - Nylon / Spandex sheer</p>","Bloch Laka V-link Rouleaux Front Shorts","Bloch Laka V-link Rouleaux Front Shorts. Bloch professional dancewear since 1932",
112,"Bloch Professional Wrap Ballet Skirt","<p>Ladies' wrap ballet skirt with double sided matching tie binding.</p>
<div><strong>Fabric:</strong></div>
<div>Polyester georgette</div>","Bloch Professional Wrap Ballet Skirt","Bloch Professional Wrap Ballet Skirt. Bloch professional dancewear since 1932",
113,"Bloch Barre Girls Mock Wrap Ballet Skirt","<p>Girl's mock wrap ballet skirt.</p>
<div><strong>Fabric:</strong></div>
<div>Polyester georgette</div>","Bloch Barre Girls Mock Wrap Ballet Skirt","Bloch Barre Girls Mock Wrap Ballet Skirt. Bloch professional dancewear since 1932",
114,"Bloch Tap - Flex Tap Shoe","<p>Lace up split sole full grain leather upper and leather stacked heel.&nbsp;Exclusive Bloch 'sling technique' upper allowing the shoe to bend in one direction and give resistance in the other. Kashmir lining for comfort and to reduce moisture. &nbsp;Heel notch&nbsp;to relieve pressure on the Achilles tendon.</p>
<ul>
</ul>","Bloch Tap - Flex Tap Shoe","Bloch Tap - Flex Tap Shoe. Bloch professional dancewear since 1932",
115,"Bloch Mana Fold Down Waistband Pants","<p>&nbsp;</p>
<div><span>Ladies terry fold down waistband long pant.</span></div>
<div><span><br /><strong>Fabric:</strong><br />Main - Cotton / Elastane</span></div>
<div><span>Contrast - Cotton / Spandex</span></div>
<div><span>&nbsp;</span></div>","Bloch Mana Fold Down Waistband Pants","Bloch Mana Fold Down Waistband Pants. Bloch professional dancewear since 1932",
116,"Bloch Ecarte Jazz Dance Pants","<p>Ladies' V front jazz pant.</p>
<div><strong>Fabric:</strong></div>
<div>Cotton / Spandex</div>","Bloch Ecarte Jazz Dance Pants","Bloch Ecarte Jazz Dance Pants. Bloch professional dancewear since 1932",
117,"Bloch Phoebe Culottes","<p>Ladies' roll down waistband culottes.</p>
<div><strong>Fabric:</strong></div>
<div>Polyester / Rayon / Spandex</div>","Bloch Phoebe Culottes","Bloch Phoebe Culottes. Bloch professional dancewear since 1932",
118,"Bloch Croise Warm Up Jumpsuit","<p>Ladies' loose warm up all-in-one tied at neck&nbsp;and hem.</p>
<div><strong>Fabric:</strong></div>
<div>Cotton sueded jersey</div>","Bloch Croise Warm Up Jumpsuit","Bloch Croise Warm Up Jumpsuit. Bloch professional dancewear since 1932",
119,"Bloch Pippa Seamless Thong","<p>Softel seamless thong.</p>
<p>&nbsp;</p>
<p>Fabric:</p>
<p>Softel seamless nylon / Spandex</p>","Bloch Pippa Seamless Thong","Bloch Pippa Seamless Thong. Bloch professional dancewear since 1932",
120,"Bloch Coby Seamless Breif","<p>Softel seamless full brief.</p>
<p>&nbsp;</p>
<p><strong>Fabric:</strong></p>
<p>Softel seamless nylon / Spandex</p>","Bloch Coby Seamless Breif","Bloch Coby Seamless Breif. Bloch professional dancewear since 1932",
121,"Bloch Luelle Seamless Bra","<p>Softel seamless bra with changeable clear and nylon straps.&nbsp;</p>
<p>&nbsp;</p>
<p><strong>Fabric:</strong></p>
<p>Softel seamless nylon / Spandex</p>","Bloch Luelle Seamless Bra","Bloch Luelle Seamless Bra. Bloch professional dancewear since 1932",
122,"Bloch Aries Seamless Brief Body Suit","<p>Softel seamless full brief body suit.&nbsp;</p>
<p>&nbsp;</p>
<p><strong>Fabric:</strong></p>
<p>Sftel seamless nylon / Spandex</p>","Bloch Aries Seamless Brief Body Suit","Bloch Aries Seamless Brief Body Suit. Bloch professional dancewear since 1932",
123,"Bloch Pisces Seamless Thong Body Suit","<p>Softel seamless thong body suit.&nbsp;</p>
<p>&nbsp;</p>
<p>Fabric:</p>
<p>Softel seamless nylon / Spandex</p>","Bloch Pisces Seamless Thong Body Suit","Bloch Pisces Seamless Thong Body Suit. Bloch professional dancewear since 1932",
124,"Bloch Endura Footed Tights","<p>Bloch ladies soft feel footed tights.</p>
<p>&nbsp;</p>
<p><strong>Fabric:</strong></p>
<p>Nylon / Spandex</p>","Bloch Endura Footed Tights","Bloch Endura Footed Tights. Bloch professional dancewear since 1932",
125,"Bloch Endura Adaptatoe Tights","<p>Perfect for switching between ballet flats and pointe shoes convertable tights.</p>
<p>&nbsp;</p>
<p><strong>Fabric:</strong></p>
<p>Nylon / Spandex</p>","Bloch Endura Adaptatoe Tights","Bloch Endura Adaptatoe Tights. Bloch professional dancewear since 1932",
126,"Bloch Endura Ladies Footless Tights","<p>Soft feel footless tights&nbsp;perfect for switching between ballet flats and pointe shoes.</p>
<p>&nbsp;</p>
<p><strong>Fabric:</strong></p>
<p>Nylon / Spandex</p>","Bloch Endura Ladies Footless Tights","Bloch Endura Ladies Footless Tights. Bloch professional dancewear since 1932",
128,"Bloch Ladies Quality Stirrup Tights","<p>Soft feel tights&nbsp;perfect for switching between ballet flats and pointe shoes.</p>
<p>&nbsp;</p>
<p><strong>Fabric:</strong></p>
<p>Nylon / Spandex</p>","Bloch Ladies Quality Stirrup Tights","Bloch Ladies Quality Stirrup Tights. Bloch professional dancewear since 1932",
129,"Bloch Kids Endura Footed Tights","<p>Bloch kids soft feel footed tights.</p>
<p>&nbsp;</p>
<p><strong>Fabric:</strong></p>
<p>Nylon / Spandex</p>","Bloch Kids Endura Footed Tights","Bloch Kids Endura Footed Tights. Bloch professional dancewear since 1932",
130,"Bloch Kids Endura Adaptotoe Tights","<p>Perfect for switching between ballet flats and pointe shoes.</p>
<p>&nbsp;</p>
<p><strong>Fabric:</strong></p>
<p>Nylon / Spandex</p>","Bloch Kids Endura Adaptotoe Tights","Bloch Kids Endura Adaptotoe Tights. Bloch professional dancewear since 1932",
131,"Bloch Mens Footed Tights","<p class=""sizes"">Classic gusseted men's footed tight with back leg seams.</p>
<p class=""sizes"">&nbsp;</p>
<p class=""sizes""><strong>Fabric:</strong>&nbsp;&nbsp;</p>
<p class=""sizes"">Tactel<sup>&reg;</sup>/ Lycra<sup>&reg;</sup></p>","Bloch Mens Footed Tights","Bloch Mens Footed Tights. Bloch professional dancewear since 1932",
132,"Bloch Mens Leotard","<p class=""sizes"">Classic men's scoop neck tight with cap sleeves.</p>
<p class=""sizes"">&nbsp;</p>
<p class=""sizes""><strong>Fabric:</strong>&nbsp;&nbsp;</p>
<p class=""sizes"">Tactel<sup>&reg;</sup>/ Lycra<sup>&reg;</sup></p>","Bloch Mens Leotard","Bloch Mens Leotard. Bloch professional dancewear since 1932",
133,"Bloch Mens Mickey Seamless Dance Support","<p>Softel seamless male dance support with silicon padding for extra support.</p>
<p>&nbsp;</p>
<p><strong>Fabric:</strong></p>
<p>Softel seamless nylon / Spandex&nbsp;</p>","Bloch Mens Mickey Seamless Dance Support","Bloch Mens Mickey Seamless Dance Support. Bloch professional dancewear since 1932",
134,"Bloch Unisex Warm Up Bootie Boots","<p><strong>Fabric:</strong></p>
<p>Shell - Polyester / Lining &amp; Mudguard - Nylon / Filling - Polyester</p>","Bloch Unisex Warm Up Bootie Boots","Bloch Unisex Warm Up Bootie Boots. Bloch professional dancewear since 1932",
135,"Bloch Unisex Quilt Bag Large","<p><strong>Fabric:</strong></p>
<p>Shell - Nylon / Filling - Polyester</p>
<p><span style=""color: #0000ff; font-size: xx-small;""><br /></span></p>","Bloch Unisex Quilt Bag Large","Bloch Unisex Quilt Bag Large. Bloch professional dancewear since 1932",
136,"Bloch Unisex Quilt Bag Small ","<p><strong>Fabric:</strong></p>
<p>Shell - Nylon / Filling - Polyester</p>","Bloch Unisex Quilt Bag Small ","Bloch Unisex Quilt Bag Small . Bloch professional dancewear since 1932",
137,"Bloch Unisex Warm-Up Shorts ","<p><strong>Fabric:</strong></p>
<p>100% Nylon</p>","Bloch Unisex Warm-Up Shorts ","Bloch Unisex Warm-Up Shorts . Bloch professional dancewear since 1932",
138,"Bloch Ladies Reversible Warm Up Gilet","<p><strong>Fabric:</strong></p>
<p>Shell - Nylon / Filling - Polyester</p>","Bloch Ladies Reversible Warm Up Gilet","Bloch Ladies Reversible Warm Up Gilet. Bloch professional dancewear since 1932",
139,"Bloch Ladies Reversible Warm Up Pants","<p><strong>Fabric:</strong></p>
<p>Shell - Nylon / Filling - Polyester</p>
<p><strong><br /></strong></p>","Bloch Ladies Reversible Warm Up Pants","Bloch Ladies Reversible Warm Up Pants. Bloch professional dancewear since 1932",
140,"Bloch Mens Reversible Warm Up Gilet ","<p><strong>Fabric:</strong></p>
<p>Shell - Nylon / Filling - Polyester</p>","Bloch Mens Reversible Warm Up Gilet ","Bloch Mens Reversible Warm Up Gilet . Bloch professional dancewear since 1932",
141,"Bloch Mens Reversible Warm Up Pants ","<p><strong>Fabric:</strong></p>
<p>Shell - Nylon / Filling - Polyester</p>
<p><strong><br /></strong></p>","Bloch Mens Reversible Warm Up Pants ","Bloch Mens Reversible Warm Up Pants . Bloch professional dancewear since 1932",
142,"Bloch Ladies Hyper-Extended-Knee Warm Up Pants","<p>Ladies Warm-Up Pant.</p>
<div><strong>Fabric:</strong></div>
<div>Main - Polyester polar fleece</div>
<div>Contrast - Cotton / Spandex</div>","Bloch Ladies Hyper-Extended-Knee Warm Up Pants","Bloch Ladies Hyper-Extended-Knee Warm Up Pants. Bloch professional dancewear since 1932",
143,"Bloch Barbette Ladies V-Band Jazz Pants","<p>Ladies V-Band Jazz Pant.</p>
<p>&nbsp;</p>
<p><strong>Fabric:</strong></p>
<p>Micro Poliamide / Elastane</p>","Bloch Barbette Ladies V-Band Jazz Pants","Bloch Barbette Ladies V-Band Jazz Pants. Bloch professional dancewear since 1932",
144,"Bloch Giuliette Ladies Drawstring Pants","<p>Ladies Drawstring Jazz Pant.</p>","Bloch Giuliette Ladies Drawstring Pants","Bloch Giuliette Ladies Drawstring Pants. Bloch professional dancewear since 1932",
145,"Bloch Bella Jazz Pants","<p>Ladies Fold-Over Jazz Pant.</p>","Bloch Bella Jazz Pants","Bloch Bella Jazz Pants. Bloch professional dancewear since 1932",
146,"Bloch Mango Knee Length Ballroom Skirt","<p><span style=""font-size: x-small;"">Ladies Knee Length Ballroom Skirt.</span></p>","Bloch Mango Knee Length Ballroom Skirt","Bloch Mango Knee Length Ballroom Skirt. Bloch professional dancewear since 1932",
147,"Bloch Mens 'Wide' Band Dance Belt","<p><strong>Fabric:</strong></p>
<p>Main - Cotton / Spandex</p>
<p>Lining - Polyester&nbsp;</p>","Bloch Mens 'Wide' Band Dance Belt","Bloch Mens 'Wide' Band Dance Belt. Bloch professional dancewear since 1932",
148,"Bloch Mens Jazzpants","<p>Fitted Style with straight leg.</p>
<p>&nbsp;</p>
<p><strong>Fabric:</strong></p>
<p>Cotton / Spandex</p>","Bloch Mens Jazzpants","Bloch Mens Jazzpants. Bloch professional dancewear since 1932",
149,"Bloch Mens Terry Pants","<p>Loose fit. Wide leg.</p>
<p>&nbsp;</p>
<p><strong>Fabric:</strong></p>
<p>100% Cotton</p>","Bloch Mens Terry Pants","Bloch Mens Terry Pants. Bloch professional dancewear since 1932",
150,"Bloch Ladies Twin Strap Crop Top","<p><strong>Fabric:</strong></p>
<p>Dritex</p>","Bloch Ladies Twin Strap Crop Top","Bloch Ladies Twin Strap Crop Top. Bloch professional dancewear since 1932",
151,"Bloch Ladies V Neck Crop Top","<p><strong>Fabric:</strong></p>
<p>Dritex</p>","Bloch Ladies V Neck Crop Top","Bloch Ladies V Neck Crop Top. Bloch professional dancewear since 1932",
152,"Bloch Ladies Straight Leg Pants with Transposed Waist ","<p><strong>Fabric:</strong></p>
<p>Supplex / Rib</p>","Bloch Ladies Straight Leg Pants with Transposed Waist ","Bloch Ladies Straight Leg Pants with Transposed Waist . Bloch professional dancewear since 1932",
153,"Bloch Ladies 3/4 Loose Pants","<p>This Bloch Studio 3/4 pant is made in a woven mechanical stretch fabric. A comfortable, easy to wear style featuring a soft stretch rib waistband and cuff. Ideal for yoga, pilates, walking, and dance.</p>
<p><strong>Fabric:</strong></p>
<p>Mechanical stretch / Rib</p>","Bloch Ladies 3/4 Loose Pants","Bloch Ladies 3/4 Loose Pants. Bloch professional dancewear since 1932",
154,"Bloch Ladies Zip Back Leggings","<p><strong>Fabric:</strong></p>
<p>Supplex</p>","Bloch Ladies Zip Back Leggings","Bloch Ladies Zip Back Leggings. Bloch professional dancewear since 1932",
155,"Bloch Ladies 3/4 Leggings with Transposed Waist","<p><strong>Fabric:</strong></p>
<p>Supplex / Rib</p>","Bloch Ladies 3/4 Leggings with Transposed Waist","Bloch Ladies 3/4 Leggings with Transposed Waist. Bloch professional dancewear since 1932",
156,"Flared Hoodie","<p><strong>Fabric:</strong></p>
<p>Fine Jersey</p>","Flared Hoodie","Flared Hoodie. Bloch professional dancewear since 1932",
157,"Bloch Ladies Varsity Jacket","<p>This Bloch Studio raglan baseball jacket is made in a lightweight summer french terry. It is suitable for low impact exercise or perfect to throw on after a hard workout.&nbsp;</p>
<p>&nbsp;</p>
<p><strong>Fabric:</strong></p>
<p>Mini french terry</p>","Bloch Ladies Varsity Jacket","Bloch Ladies Varsity Jacket. Bloch professional dancewear since 1932",
158,"Bloch Ladies Varsity 7/8 Pants","<p>This Bloch Studio varsity 7/8 pant is in a lightweight cotton terry. A comfortable style ideal for walking and low impact exercise.</p>
<p>&nbsp;</p>
<p><strong>Fabric:</strong></p>
<p>Mini french terry</p>","Bloch Ladies Varsity 7/8 Pants","Bloch Ladies Varsity 7/8 Pants. Bloch professional dancewear since 1932",
159,"Bloch Ladies Playsuit","<p>This Bloch Studio playsuit is made in a soft resort terry. It is 100% cotton and super comfortable. It is perfect for low to medium impact exercise or alternatively a great fashion item for your summer wardrobe.</p>
<p>&nbsp;</p>
<p><strong>Fabric:</strong></p>
<p>Resort Terry</p>","Bloch Ladies Playsuit","Bloch Ladies Playsuit. Bloch professional dancewear since 1932",
160,"Bloch Ladies Resort Terry Harem Pants","<p><strong>Fabric:</strong></p>
<p>Resort Terry</p>","Bloch Ladies Resort Terry Harem Pants","Bloch Ladies Resort Terry Harem Pants. Bloch professional dancewear since 1932",
161,"Bloch Ladies Sleeveless Windcheater Top","<p><strong>Fabric:</strong></p>
<p>Rip Stop</p>","Bloch Ladies Sleeveless Windcheater Top","Bloch Ladies Sleeveless Windcheater Top. Bloch professional dancewear since 1932",
165,"Bloch Ladies Knit Keyhole Crossback Top ","<p><strong>Fabric:</strong></p>
<p>Cotton</p>","Bloch Ladies Knit Keyhole Crossback Top ","Bloch Ladies Knit Keyhole Crossback Top . Bloch professional dancewear since 1932",
166,"Bloch Ladies Elastic Hem Tracksuit Bottoms","<p>This Bloch Studio trackpant is made in a soft cotton french terry. Perfect for dance class, yoga, pilates or a great casual fashion piece for your wardrobe.</p>
<p><strong>Fabric:</strong></p>
<p>Mini French Terry</p>","Bloch Ladies Elastic Hem Tracksuit Bottoms","Bloch Ladies Elastic Hem Tracksuit Bottoms. Bloch professional dancewear since 1932",
169,"Bloch Ladies Regular Rise 3/4 Firm F-X Leggings","<p>This Bloch Studio everyday 3/4 tight is made in our Bloch DRITEX&trade; high performance fabric. They are fully lined in the back leg panels for extra support to firm the thighs and rear. Ideal for a wide variety of workouts, walking, running, dancing, yoga &amp; pilates.</p>
<p>&nbsp;</p>
<p><strong>Fabric:</strong></p>
<p>Dritex / Softel</p>","Bloch Ladies Regular Rise 3/4 Firm F-X Leggings","Bloch Ladies Regular Rise 3/4 Firm F-X Leggings. Bloch professional dancewear since 1932",
170,"Bloch Ladies Front Cross Over Racer Back Crop Top","<p><strong>Fabric:</strong></p>
<p>Dritex</p>","Bloch Ladies Front Cross Over Racer Back Crop Top","Bloch Ladies Front Cross Over Racer Back Crop Top. Bloch professional dancewear since 1932",
171,"Bloch Ladies Bandeau Bikini Top","<p><strong>Fabric:</strong></p>
<p>Dritex</p>","Bloch Ladies Bandeau Bikini Top","Bloch Ladies Bandeau Bikini Top. Bloch professional dancewear since 1932",
172,"Bloch Ladies Gathered Triangle Bikini Top","<p><strong>Fabric:</strong></p>
<p>Dritex</p>","Bloch Ladies Gathered Triangle Bikini Top","Bloch Ladies Gathered Triangle Bikini Top. Bloch professional dancewear since 1932",
174,"Bloch Ladies Fold Over Seam Detail Firm Leggings","<p>Fabric:</p>
<p>Dritex / Softel</p>","Bloch Ladies Fold Over Seam Detail Firm Leggings","Bloch Ladies Fold Over Seam Detail Firm Leggings. Bloch professional dancewear since 1932",
175,"Bloch Ladies Shrug Full Sleeve Cropped Cardigan","<p><strong>Fabric:</strong></p>
<p>Modal Rib</p>","Bloch Ladies Shrug Full Sleeve Cropped Cardigan","Bloch Ladies Shrug Full Sleeve Cropped Cardigan. Bloch professional dancewear since 1932",
176,"Bloch Raphaela Ballet Flat Shoes","<p>Stylish and comfortable ballerina flats with ruffle bow detail.&nbsp;</p>","Bloch Raphaela Ballet Flat Shoes","Bloch Raphaela Ballet Flat Shoes. Bloch professional Ballet Flats since 1932",
177,"Bloch Lucy Ballet Flat Shoes","<p>Luxurious all-leather, super flexible ballerina flats</p>","Bloch Lucy Ballet Flat Shoes","Bloch Lucy Ballet Flat Shoes. Bloch professional Ballet Flats since 1932",
178,"Bloch Patent Ballerina Ballet Flat Shoes","<p>Classic ballerina flats in patent leather.&nbsp;</p>","Bloch Patent Ballerina Ballet Flat Shoes","Bloch Patent Ballerina Ballet Flat Shoes. Bloch professional Ballet Flats since 1932",
179,"Bloch Luxury Ballet Flat Shoes","<p>Luxury soft leather two tone ballet flat.</p>","Bloch Luxury Ballet Flat Shoes","Bloch Luxury Ballet Flat Shoes. Bloch professional Ballet Flats since 1932",
180,"Bloch Fonteyn Ballet Flat Shoes","<p>Rich leather ballerina flat with a drawstring for better fit. &nbsp;</p>","Bloch Fonteyn Ballet Flat Shoes","Bloch Fonteyn Ballet Flat Shoes. Bloch professional Ballet Flats since 1932",
181,"Bloch Classica Pearl Ballet Flat Shoes","<p>Two tone ballerina flats in matt finish.&nbsp;</p>","Bloch Classica Pearl Ballet Flat Shoes","Bloch Classica Pearl Ballet Flat Shoes. Bloch professional Ballet Flats since 1932",
182,"Bloch Prima Ballerina Ballet Flat Shoes","<p>Classic ballerina flats with elasticated opening and a drawstring bow.</p>","Bloch Prima Ballerina Ballet Flat Shoes","Bloch Prima Ballerina Ballet Flat Shoes. Bloch professional Ballet Flats since 1932",
183,"Bloch Arabian Ballerina Ballet Flat Shoes","<p>Pure comfort slip-on ballerina flats.</p>","Bloch Arabian Ballerina Ballet Flat Shoes","Bloch Arabian Ballerina Ballet Flat Shoes. Bloch professional Ballet Flats since 1932",
184,"Bloch Belen Leather Pumps","<p>Stardust leather ballerina pumps with understated elegant design.</p>","Bloch Belen Leather Pumps","Bloch Belen Leather Pumps. Bloch professional leather pumps since 1932",
185,"Bloch Rosette Ballet Flat Shoes","<p>Soft leather ballerina flats topped a beautifully crafted rossette.</p>","Bloch Rosette Ballet Flat Shoes","Bloch Rosette Ballet Flat Shoes. Bloch professional Ballet Flats since 1932",
186,"Bloch Yvonne Ballet Flat Shoes","<p>Crafted contrast leather ballerinas with a bow detail.</p>","Bloch Yvonne Ballet Flat Shoes","Bloch Yvonne Ballet Flat Shoes. Bloch professional Ballet Flats since 1932",
187,"Bloch Liz Ballet Flat Shoes","<p>Leather pumps with a designer bow.&nbsp;</p>","Bloch Liz Ballet Flat Shoes","Bloch Liz Ballet Flat Shoes. Bloch professional Ballet Flats since 1932",
188,"Bloch Carina Mock Snake Skin Ballerina Flat Shoes","<p>Mock snake skin ballerina flats.</p>","Bloch Carina Mock Snake Skin Ballerina Flat Shoes","Bloch Carina Mock Snake Skin Ballerina Flat Shoes. Bloch professional Ballet Flats since 1932",
189,"Bloch Jodie Ballet Flat Shoes","<p>Beautifully crafted all-leather ballerina pumps.</p>","Bloch Jodie Ballet Flat Shoes","Bloch Jodie Ballet Flat Shoes. Bloch professional Ballet Flats since 1932",
190,"Bloch Jazztap Mens Tap Shoes","<p>Jazz style leather upper.&nbsp;The toe tap is secured to a resonating board for a&nbsp;full sound and stability.&nbsp;Techno heel &amp; toe taps.</p>","Bloch Jazztap Mens Tap Shoes","Bloch Jazztap Mens Tap Shoes. Bloch professional dancewear since 1932",
191,"Bloch Jazztap Girls Tap Shoes","<p>Jazz style leather upper.&nbsp;The toe tap is secured to a resonating board for a&nbsp;full sound and stability.&nbsp;Techno heel &amp; toe taps.</p>","Bloch Jazztap Girls Tap Shoes","Bloch jazzsoft white girls leather jazz tap shoes. Bloch handmade professional dance jazz tap shoes since 1932",
192,"Bloch Ultraflex Mens Jazz Shoes","<p>Soft leather upper with laces for a secure fit.&nbsp;Rubber split sole.</p>","Bloch Ultraflex Mens Jazz Shoes","Bloch Ultraflex black mens leather jazz shoes, split sole. Bloch handmade professional dance jazz shoes since 1932",
193,"Bloch Nylon Ribbon Pointe Ballet Shoe Ribbon","<p>Professional non-slip, non-shiny pointe shoe ribbon.</p>
<p>&nbsp;</p>
<p>Length - 3 meters</p>","Bloch Nylon Ribbon Pointe Ballet Shoe Ribbon","Bloch Nylon Ribbon Pointe Ballet Shoe Ribbon. Bloch professional Ballet Shoes since 1932",
194,"Bloch Elastorib Pointe Ballet Shoe Ribbon","<p>Pre-cut ribbon with elastic sewn into the length which assists in the reduction of strain on the achilles tendon.&nbsp;</p>","Bloch Elastorib Pointe Ballet Shoe Ribbon","Bloch Elastorib Pointe Ballet Shoe Ribbon. Bloch professional Ballet Shoes since 1932",
195,"Bloch Ballet Pointe Shoe Bag","<p>Open mesh drawstring bag for storing ad airing pointe shoes.</p>","Bloch Ballet Pointe Shoe Bag","Bloch Ballet Pointe Shoe Bag. Bloch professional Ballet Shoes since 1932",
196,"Bloch Illeana Ladies Latin Tango Shoes","<p>Fexible forefoot to provide a broad range of movement and enchance pointe. Narrow flared heel postioned in the centre of the heel for stability. Self locking buckle and cushioned insole. &nbsp;</p>","Bloch Illeana Ladies Latin Tango Shoes","Bloch Illeana Ladies Latin Tango Shoes. Bloch professional Latin Tango Dance Shoes since 1932",
197,"Bloch Sienna Ladies Latin Tango Shoes","<p>Flexible forefoot to provide a broad range of movement and enhance pointe. Flared heel with wide heel base for support, stability and comfort. Adjustable strap can be worn as ankle or instep strap, self locking buckle and cushion insole.&nbsp;</p>","Bloch Sienna Ladies Latin Tango Shoes","Bloch Sienna Ladies Latin Tango Shoes. Bloch professional Latin Tango Dance Shoes since 1932",
198,"Bloch Simona Ladies Ballroom Dance Shoes","<p>Closed toe protects the foot when partnering. Slim heel with support, stability and comfort. Adjustable strap can be worn as ankle or instep strap, self locking buckle and cushioned insole.&nbsp;</p>","Bloch Simona Ladies Ballroom Dance Shoes","Bloch Simona Ladies Ballroom Dance Shoes. Bloch professional Ballroom Dance Shoes since 1932",
199,"Bloch Xavier Mens Ballroom Dance Shoes","<p>Classic oxford upper in &nbsp;full-grain leather. Low wide heel and short shank provide arch support while maintaining flexibility for ease in demi pointe. &nbsp;&nbsp;</p>","Bloch Xavier Mens Ballroom Dance Shoes","Bloch Xavier Mens Ballroom Dance Shoes. Bloch professional Ballroom Dance Shoes since 1932",
211,"Bloch Ladies Jumpsuit","<p><strong>Fabric:</strong></p>
<p>Main - Cotton / Spandex</p>
<p>Contrast - Cotton / Spandex</p>
<p>&nbsp;</p>","Bloch Ladies Jumpsuit","Bloch Ladies Jumpsuit. Bloch professional dancewear since 1932",
212,"Bloch Ladies Loop Back Terry Midriff Sweater","<p><strong>Fabric:</strong></p>
<p>Main - Cotton / Polyester / Rayson</p>
<p>Contrast - Cotton / Spandex</p>","Bloch Ladies Loop Back Terry Midriff Sweater","Bloch Ladies Loop Back Terry Midriff Sweater. Bloch professional dancewear since 1932",
213,"Bloch Ladies Loop Back Terry Long Sweater","<p><strong>Fabric:</strong></p>
<p>Main - Cotton / Polyester / Rayson</p>
<p>Contrast - Cotton / Spandex</p>","Bloch Ladies Loop Back Terry Long Sweater","Bloch Ladies Loop Back Terry Long Sweater. Bloch professional dancewear since 1932",
214,"Bloch Covert Elastic",,"Bloch Covert Elastic","Bloch Covert Elastic. Bloch professional dancewear since 1932",
215,"Bloch Trisole-Lo Ladies Jazz Shoe","<p>Multi arching jazz shoe that moves with dancer's foot across a full range of movement.&nbsp;</p>
<p>Leather slip on with elastic instep. Rubber trisole - forefoot curls and flexes with the toes/ Rubber dots to protect the medial side of foot when contacting the floor.</p>","Bloch Trisole-Lo Ladies Jazz Shoe","Bloch trisole- lo ladies leather jazz shoes. Bloch handmade professional dance jazz shoes since 1932",
216,"Bloch Trisole-Hi Ladies Jazz Boot","<p>Multi-articulating jazz boot that moves with dancers foot across a full range of movement.</p>
<p>Neoprene mid-section for snug fit. Rubber trisole - forefoot curls and flexes with the toes. Rubber dots to protect the medial side of the foot when contacting the floor.&nbsp;</p>","Bloch Trisole-Hi Ladies Jazz Boot","Bloch trisole- lo ladies leather jazz boots. Bloch handmade professional dance jazz shoes since 1932",
217,"Bloch Ladies Braided Long Sleeve Top","<p><strong>Fabric:</strong></p>
<p>Nylon / Spadex</p>","Bloch Ladies Braided Long Sleeve Top","Bloch Ladies Braided Long Sleeve Top. Bloch professional dancewear since 1932",
218,"Bloch Ladies Longline Crop Top","<p>This Bloch Studio crop top is made in our Bloch DRITEX&trade; high performance fabric. This style combines fashion and fitness to create a supportive bustiere style active crop top. Ideal for dance class, yoga, pilates and low impact exercise.</p>
<h4></h4>
<p><strong>Fabric:</strong></p>
<p>Dritex</p>","Bloch Ladies Longline Crop Top","Bloch Ladies Longline Crop Top. Bloch professional dancewear since 1932",
219,"Bloch Ladies Scoop Crossback Top","<p>This Bloch Studio open back active singlet is made in our Bloch DRITEX&trade; high performance fabric. The open back is a twist on the regular cross back cami which allows you to feel feminine and supported at the same time. Perfect for yoga, pilates and low to mid impact workouts.</p>
<h4></h4>
<p><strong>Fabric:</strong></p>
<p>Dritex</p>","Bloch Ladies Scoop Crossback Top","Bloch Ladies Scoop Crossback Top. Bloch professional dancewear since 1932",
220,"Bloch Ladies Support Cross Back Crop Top","<p><strong>Fabric:</strong></p>
<p>Dritex</p>","Bloch Ladies Support Cross Back Crop Top","Bloch Ladies Support Cross Back Crop Top. Bloch professional dancewear since 1932",
221,"Bloch Ladies Seamless Cami","<p><strong>Fabric:</strong></p>
<p>Main - Nylon / Spandex</p>
<p>Lining - Nylon / Spandex</p>","Bloch Ladies Seamless Cami","Bloch Ladies Seamless Cami. Bloch professional dancewear since 1932",
223,"Bloch Gel Tip (L/XL) Pressure Protection","<p>Thimble like tips protect toe nails &amp; joints.</p>
<p>Can be cut to size to fit shorter toes.</p>","Bloch Gel Tip (L/XL) Pressure Protection","Bloch Gel Tip (L/XL) Pressure Protection. Bloch handmade professional ballet pointe dance shoes since 1932",
224,"Bloch Pointe Cushion (M/L)","<p>Lightweight silicon pad to be worn with pointe&nbsp;shoes for protection while en pointe.&nbsp;Provides protection to toes from pressure associated&nbsp;with pointe work.&nbsp;Washable and re-usable.&nbsp;Can be cut to size required by dancer.</p>
<p>&nbsp;</p>
<p>Size M/L fits pointe shoes size from UK 4.5 upwards.</p>","Bloch Pointe Cushion (M/L)","Bloch Pointe Cushion (M/L). Bloch handmade professional ballet pointe dance shoes since 1932",
225,"Bloch Prima Pro Pad (M/L)","<p>Thin fabric base instead of gel reduces bulk. Darts on either&nbsp;side of the upper help to create a good fit.</p>
<p>&nbsp;</p>
<p>Size M/L fits pointe shoes size from UK 4.5 upwards.</p>","Bloch Prima Pro Pad (M/L)","Bloch Prima Pro Pad (M/L). Bloch handmade professional ballet pointe dance shoes since 1932",
227,"Bloch Marcella Ladies Latin Tango Shoe","<p>Elaborated looped strap 3'' heel sandal with diamantes.&nbsp;</p>
<p>&nbsp;</p>
<p>Available from the end of January 2012.</p>","Bloch Marcella Ladies Latin Tango Shoe","Bloch Marcella Ladies Latin Tango Shoe. Elaborated looped strap 3'' heel sandal with diamantes. Bloch Handmade professional Latin and Tango dance shoes since 1932",
228,"Bloch Vida Ladies Latin Tango Shoes","<p>Elaborate looped strap 3'' heel leather sandal.</p>
<p>&nbsp;</p>
<p>Available from the end of January 2012.</p>","Bloch Vida Ladies Latin Tango Shoes","Bloch Vida Ladies Latin Tango Shoes. Elaborate looped strap 3'' heel leather sandal. Bloch Handmade professional Latin and Tango dance shoes since 1932",
229,"Bloch Rosalina Ladies Latin Tango Shoes","<p>Graceful 3'' heel sandal with fastening diamante buckle and vamp detail.&nbsp;</p>
<p>&nbsp;</p>
<p>Available from the end of January 2012.</p>","Bloch Rosalina Ladies Latin Tango Shoes","Bloch Rosalina Ladies Latin Tango Shoes. Graceful 3'' heel sandal with fastening diamante buckle and vamp detail.. Bloch Handmade professional Latin and Tango dance shoes since 1932",
230,"Bloch Vitoria Ladies Latin Tango Shoes","<p>Twist strap 3'' heel sandal with gold piping and diamante buckle.&nbsp;</p>
<p>&nbsp;</p>
<p>Available from the end of January 2012.</p>","Bloch Vitoria Ladies Latin Tango Shoes","Bloch Vitoria Ladies Latin Tango Shoes. Twist strap 3'' heel sandal with gold piping and diamante buckle.. Bloch Handmade professional Latin and Tango dance shoes since 1932",
233,"Bloch Adora Ladies Latin Tango Shoes","<p>Silver trimmed skinny strap 3'' flared heel sandal with fastening diamante buckle and vamp detail.</p>
<p>&nbsp;</p>
","Bloch Adora Ladies Latin Tango Shoes","Bloch Adora Ladies Latin Tango Shoes. Silver trimmed skinny strap 3'' flared heel sandal with fastening diamante buckle and vamp detail.. Bloch Handmade professional Latin and Tango dance shoes since 1932",
234,"Bloch Guilia Ladies Latin Tango Shoes","<p>T-bar 3'' heel sandal with diamantes and unique wrap-around strap design on heel counter.&nbsp;</p>
<p>&nbsp;</p>","Bloch Guilia Ladies Latin Tango Shoes","Bloch Guilia Ladies Latin Tango Shoes. T-bar 3'' heel sandal with diamantes and unique wrap-around strap design on heel counter.. Bloch Handmade professional Latin and Tango dance shoes since 1932",
236,"Bloch Lelah Ladies Latin Tango Shoes","<p>Classic satin 2'' heel sandal with contrasting gold piping, heel and strap.&nbsp;</p>
<p>&nbsp;</p>","Bloch Lelah Ladies Latin Tango Shoes","Bloch Lelah Ladies Latin Tango Shoes. Classic satin 2'' heel sandal with contrasting gold piping, heel and strap.. Bloch Handmade professional Latin and Tango dance shoes since 1932",
237,"Bloch Aliyah Ladies Latin Tango Shoes","<p>Light-weight, classic four strap 2'' heel sandal with unique wrap around strap design on heel counter.&nbsp;</p>","Bloch Aliyah Ladies Latin Tango Shoes","Bloch Aliyah Ladies Latin Tango Shoes. Light-weight, classic four strap 2'' heel sandal with unique wrap around strap design on heel counter.. Bloch Handmade professional Latin and Tango dance shoes since 1932",
238,"Bloch Ladies Knit V Neck Long Sleeve Top","<p><strong>Fabric:</strong></p>
<p>Cotton</p>","Bloch Ladies Knit V Neck Long Sleeve Top","Bloch Ladies Knit V Neck Long Sleeve Top. Bloch professional dancewear since 1932",
239,"Bloch Ladies Varsity 3/4 Pants","<p>This Bloch Studio relaxed fit varsity crop pant is made in a lightweight cotton terry. Ideal for a low to medium impact workout.</p>
<p>&nbsp;</p>
<p><strong>Fabric:</strong></p>
<p>Mini French Terry</p>","Bloch Ladies Varsity 3/4 Pants","Bloch Ladies Varsity 3/4 Pants. Bloch professional dancewear since 1932",
240,"Bloch Ladies Soft Modal X-Over Jersey","<p><strong>Fabric:</strong></p>
<p>Pique Mesh / Fine Jersey</p>","Bloch Ladies Soft Modal X-Over Jersey","Bloch Ladies Soft Modal X-Over Jersey. Bloch professional dancewear since 1932",
241,"Bloch Ladies Raglan Sleeve Top","<p>This Bloch Studio raglan two tone baseball style top is made from lightweight super soft modal jersey. The relaxed fit makes it perfect for walking or low impact exercise.&nbsp;</p>
<h4><span style=""font-weight: normal;""><strong>Fabric:</strong></span></h4>
<p>Pique Mesh / Fine Jersey</p>","Bloch Ladies Raglan Sleeve Top","Bloch Ladies Raglan Sleeve Top. Bloch professional dancewear since 1932",
243,"Bloch Ladies V Neck Bodysuit","<p>This Bloch Studio bodysuit is made from a super soft lightweight rib. It is the ultimate basic for your wardrobe. Team it up with shorts, pants or tights as the base for layering up.&nbsp;</p>
<p>&nbsp;</p>
<p><strong>Fabric:</strong></p>
<p>Rib Modal</p>","Bloch Ladies V Neck Bodysuit","Bloch Ladies V Neck Bodysuit. Bloch professional dancewear since 1932",
244,"Bloch Ladies Round Neck Rib Singlet","<p><strong>Fabric:</strong></p>
<p>Rib Modal</p>","Bloch Ladies Round Neck Rib Singlet","Bloch Ladies Round Neck Rib Singlet. Bloch professional dancewear since 1932",
245,"Bloch Ladies Mesh Splice Round Back Cami","<p><strong>Fabric:</strong></p>
<p>Dritex Mesh</p>","Bloch Ladies Mesh Splice Round Back Cami","Bloch Ladies Mesh Splice Round Back Cami. Bloch professional dancewear since 1932",
246,"Bloch Ladies Knit Jumpsuit","<p>This adorable Bloch Studio all in one jumpsuit made from a light weight super fine summer knit. A great warm up item for dancers or perfect item to add to you fashion wardrobe.&nbsp;</p>
<h4></h4>
<p><strong>Fabric:</strong></p>
<p>Cotton</p>","Bloch Ladies Knit Jumpsuit","Bloch Ladies Knit Jumpsuit. Bloch professional dancewear since 1932",
247,"Bloch Ladies Varsity Shorts","<p>This Bloch Studio french terry short is made in a light weight summer french terry. This comfortable style is perfect for low to mid impact exercise.</p>
<p>&nbsp;</p>
<p><strong>Fabric:</strong></p>
<p>Mni French Terry</p>","Bloch Ladies Varsity Shorts","Bloch Ladies Varsity Shorts. Bloch professional dancewear since 1932",
248,"Bloch Ladies Loose Fit Track Pants","<p><strong>Fabric:</strong></p>
<p>Cotton</p>
<p>&nbsp;</p>","Bloch Ladies Loose Fit Track Pants","Bloch Ladies Loose Fit Track Pants. Bloch professional dancewear since 1932",
250,"Bloch Ladies Jersey Shorts","<p>This Bloch Studio short is made in a lightweight super soft modal jersey and has bulit in underwear for modesty. Perfect for dancing and low impact exercise like walking and yoga.<strong></strong></p>
<p><strong>Fabric:</strong></p>
<p>Pique Mesh / Jersey</p>","Bloch Ladies Jersey Shorts","Bloch Ladies Jersey Shorts. Bloch professional dancewear since 1932",
251,"Bloch Ladies Saddle Stitched Gathered Top ","<p>This fashionable Bloch Studio active singlet is made in our Bloch DRITEX&trade; high performance fabric. With its gathered detail and comfortable racer back, it it the perfect fusion of fashion and fitness. Ideal for a workouts at the gym, pliates and yoga.</p>
<p>&nbsp;</p>
<p><strong>Fabric:</strong></p>
<p>Dritex</p>","Bloch Ladies Saddle Stitched Gathered Top ","Bloch Ladies Saddle Stitched Gathered Top . Bloch professional dancewear since 1932",
252,"Bloch Ladies Gathered Side Shorts","<p>This Bloch Studio micro short is made in our Bloch DRITEX&trade; high performance fabric. This cheeky style is ideal for dance class and aerobic workouts. &nbsp;<strong>&nbsp;</strong></p>
<p>&nbsp;</p>
<p><strong>Fabric:</strong></p>
<p>Dritex</p>","Bloch Ladies Gathered Side Shorts","Bloch Ladies Gathered Side Shorts. Bloch professional dancewear since 1932",
253,"Bloch Wave Womens Sneakers","<p>Built in arch support to elevate and accentuate the arch.&nbsp;Cushioned heel for shock absorption and comfort.&nbsp;Flexible non marking outsole with TPU spin spot.&nbsp;Lightweight breathable mesh upper and dri-lex&nbsp;lining with wicking properties.</p>","Bloch Wave Womens Sneakers","Bloch Wave Womens Sneakers. The only trainer shoes specially designed for the needs of street dancers. Bloch handmade professional dance shoes since 1932",
254,"Bloch Amalgam Womens Sneakers","<p>Crossover jazz shoe to dance sneaker with leather&nbsp;and mesh upper.&nbsp;Ultra lightweight, flexible design providing freedom&nbsp;to move for the feet through all positions.&nbsp;Feminine form with exaggerated arch profile&nbsp;creating an elegant fit.&nbsp;Dri-Lex lining that is non-wrinkling, breathable and&nbsp;odor/mildew resistant.&nbsp;Non-marking thin split sole and intelligent flat&nbsp;lacing system.</p>","Bloch Amalgam Womens Sneakers","Bloch Amalgam Womens Sneakers. The only trainer shoes specially designed for the needs of street dancers. Bloch handmade professional dance shoes since 1932",
255,"Bloch Boost DRT Womens Sneakers","<p>Boost DRT incorporates super lightweight materials and a custom fit to provide support &amp; optimum arch fit. The cushioned heel provides comfort, while the spin spot and flexible split sole make this shoe articulate and supportive. All time favourite.&nbsp;</p>","Bloch Boost DRT Womens Sneakers","Bloch Boost DRT Womens Sneakers. The only trainer shoes specially designed for the needs of street dancers. Bloch handmade professional dance shoes since 1932",
256,"Bloch Criss Cross Womens Sneakers","<p>Versatile split-sole dance sneaker with built in arch support. Flexible non marking outsole with functional TPU spin spot. Lightweight breathable mesh upper and dri-lex lining with wicking properties.</p>","Bloch Criss Cross Womens Sneakers","Bloch Criss Cross Womens Sneakers. The only trainer shoes specially designed for the needs of street dancers. Bloch handmade professional dance shoes since 1932",
257,"Bloch Evolution Womens Sneakers","<p>Leather and mesh low profile dance sneaker.&nbsp;Non-marking outsole.&nbsp;EVA foam midsole for comfort and shock absorption.&nbsp;Removable sock liner for comfort.</p>","Bloch Evolution Womens Sneakers","Bloch Evolution Womens Sneakers. The only trainer shoes specially designed for the needs of street dancers. Bloch handmade professional dance shoes since 1932",
258,"Bloch Flash Womens Sneakers","<p>Versatile split sole dance sneaker with built in arch support. Coloured, flexible non-marking outsole with functional TPU spin spot. Breathable mesh upper and dri-lex lining with wicking properties.</p>","Bloch Flash Womens Sneakers","Bloch Flash Womens Sneakers. The only trainer shoes specially designed for the needs of street dancers. Bloch handmade professional dance shoes since 1932",
259,"Bloch Twist Womens Sneakers","<p>Built in arch support to accentuate the arch.&nbsp;High density non marking TPU outsole with&nbsp;functional spin spot.&nbsp;Features a cushioned heel for shock absorption&nbsp;and comfort.&nbsp;Breathable mesh upper and dri-lex lining with&nbsp;wicking properties.</p>","Bloch Twist Womens Sneakers","Bloch Twist Womens Sneakers. The only trainer shoes specially designed for the needs of street dancers. Bloch handmade professional dance shoes since 1932",
260,"Bloch Knee Length Circle Skirt","<p class=""sizes"">Knee length circle skirt with elastic waist yoke.</p>
<p class=""sizes""><strong>Fabric:</strong>&nbsp;&nbsp;</p>
<p class=""sizes"">Polyester / Spandex</p>","Bloch Knee Length Circle Skirt","Bloch Knee Length Circle Skirt. Bloch professional dancewear since 1932",
261,"Bloch Noa Hot Pants  ","<p>
<div><strong>Fabric:</strong></div>
<div></div>
<div>Microlux nylon / Spandex</div>
</p>","Bloch Noa Hot Pants  ","Bloch Noa Hot Pants  . Bloch professional dancewear since 1932",
262,"Bloch Emerge Nylon Mesh Dance Dress","<p><strong>Fabric:</strong></p>
<p>Nylon Mesh</p>","Bloch Emerge Nylon Mesh Dance Dress","Bloch Emerge Nylon Mesh Dance Dress. Bloch professional dancewear since 1932",
263,"Bloch Womens Genie Harem Dance Pants","<p><strong>Fabric:</strong></p>
<p>Cotton</p>","Bloch Womens Genie Harem Dance Pants","Bloch Womens Genie Harem Dance Pants. Bloch professional dancewear since 1932",
264,"Bloch Multi-Compartment Bag",,"Bloch Multi-Compartment Bag","Bloch Multi-Compartment Bag. Bloch professional dancewear since 1932",
265,"Bloch Pointe Shoe Key Ring",,"Bloch Pointe Shoe Key Ring","Bloch Pointe Shoe Key Ring",
266,"Bloch Ballet Bag","<p>COMING SOON</p>","Bloch Ballet Bag","Bloch Ballet Bag. Bloch professional dancewear since 1932",
267,"Bloch Mens Narrow Waist Dance Belt",,"Bloch Mens Narrow Waist Dance Belt","Bloch Mens Narrow Waist Dance Belt. Bloch professional dancewear since 1932",
268,"Bloch Prolite Girls Satin Ballet Shoes","<p>Satin full sole with otton lining and suede insock.</p>","Bloch Prolite Girls Satin Ballet Shoes","Bloch Prolite Girls Satin Ballet Shoes. Bloch professional ballet shoes since 1932",
269,"Bloch Womens Body Warmer ","<p class=""sizes"">Body warmer with narrow fitting legs, has a ribbed top that can be folded down over the hips.</p>
<p class=""sizes""><strong>Fabric:</strong>&nbsp;<br />Plain and Rib Knit - Rayon / Nylon / Spandex</p>","Bloch Womens Body Warmer ","Bloch Womens Body Warmer . Bloch professional dancewear since 1932",
270,"Bloch Womens Long Sleeve Tie Top Dance Cardigan","<p class=""sizes"">Long sleeve tie top sweater in fine gauge jersey knit, has ribbed trim at arm openings.</p>
<p class=""sizes""><strong>Fabric:</strong><br />Jersey and Rib - Rayon / Nylon / Spandex</p>","Bloch Womens Long Sleeve Tie Top Dance Cardigan","Bloch Womens Long Sleeve Tie Top Dance Cardigan. Bloch professional dancewear since 1932",
271,"Bloch Womens Long Sleeve Shrug with Thumbholes","<p class=""sizes"">Long sleeve shrug in fine gauge jersey knit with thumb holes and ribbed trim at arm openings.</p>
<p class=""sizes""><strong>Fabric:</strong><br />Jersey and Rib - Rayon / Nylon / Spandex</p>","Bloch Womens Long Sleeve Shrug with Thumbholes","Bloch Womens Long Sleeve Shrug with Thumbholes. Bloch professional dancewear since 1932",
272,"Bloch Womens Convertible Dance Full Body","<p><strong>Fabric:</strong></p>
<p>Nylon / Spandex</p>","Bloch Womens Convertible Dance Full Body","Bloch Womens Convertible Dance Full Body. Bloch professional dancewear since 1932",
273,"Bloch Loulana V-link Dance Leotard","<p>V-link rouleaux front leotard.</p>
<p>&nbsp;</p>
<p><strong>Fabric:</strong></p>
<p>Main - Dritex Nylon / Spandex</p>
<p>Contrast - Nylon / Spandex sheer</p>","Bloch Loulana V-link Dance Leotard","Bloch Loulana V-link Dance Leotard. Bloch professional dancewear since 1932",
274,"Bloch Ilima V-link Dance Leotard","<p>V-link rouleaux back leotard.</p>
<p>&nbsp;</p>
<p><strong>Fabric:</strong></p>
<p>Main - Dritex Nylon / Spandex</p>
<p>Contrast - Nylon / Spandex sheer</p>","Bloch Ilima V-link Dance Leotard","Bloch Ilima V-link Dance Leotard. Bloch professional dancewear since 1932",
275,"Bloch Kanani Halter Dance Leotard","<p>Back band halter leotard.</p>
<p>&nbsp;</p>
<p><strong>Fabric:</strong></p>
<p>Dritex Nylon / Spandex</p>","Bloch Kanani Halter Dance Leotard","Bloch Kanani Halter Dance Leotard. Bloch professional dancewear since 1932",
276,"Bloch Wrap Womens Dance Shorts","<p>This Bloch Studio micro short is made in our Bloch DRITEX&trade; high performance fabric. The wrap waistband detail provides a flattering yet fashionable look. Ideal for dance class, yoga and pilates.</p>
<p>&nbsp;</p>
<p><strong>Fabric:</strong></p>
<p>Pique Mesh / Dritex</p>","Bloch Wrap Womens Dance Shorts","Bloch Wrap Womens Dance Shorts. Bloch professional dancewear since 1932",
277,"Bloch Gather Wrap Dance Leggings","<p>This Bloch Studio full length tight is made in our Bloch DRITEX&trade; high performance fabric. The wrap waistband detail provides a flattering yet fashionable look. Ideal for dance class, yoga and pilates.&nbsp;</p>
<p>&nbsp;</p>
<p><strong>Fabric:</strong></p>
<p>Pique Mesh / Dritex</p>","Bloch Gather Wrap Dance Leggings","Bloch Gather Wrap Dance Leggings. Bloch professional dancewear since 1932",
278,"Bloch Womens Long Sleeved Midrift Dance Top","<p><strong>Fabric:</strong></p>
<p>Dritex</p>","Bloch Womens Long Sleeved Midrift Dance Top","Bloch Womens Long Sleeved Midrift Dance Top. Bloch professional dancewear since 1932",
279,"Bloch Rip Stop Womens Warm Up Pants","<p><strong>Fabric:</strong></p>
<p>Rip Stop</p>","Bloch Rip Stop Womens Warm Up Pants","Bloch Rip Stop Womens Warm Up Pants. Bloch professional dancewear since 1932",
280,"Bloch Rip Stop Womens Dance Shorts","<p><strong>Fabric:</strong></p>
<p>Rip Stop</p>","Bloch Rip Stop Womens Dance Shorts","Bloch Rip Stop Womens Dance Shorts. Bloch professional dancewear since 1932",
281,"Bloch Twin Strap Diamante Front Leotard","<p>Fabric:</p>
<p>Meryl&reg; / Spandex</p>","Bloch Twin Strap Diamante Front Leotard","Bloch Twin Strap Diamante Front Leotard. Bloch professional dancewear since 1932",
282,"Bloch Drawstring Knit Dance Shorts","<p><strong>Fabric:</strong></p>
<p>Acrylic</p>","Bloch Drawstring Knit Dance Shorts","Bloch Drawstring Knit Dance Shorts. Bloch professional dancewear since 1932",
283,"Bloch Cable Knit Crop Dance Jumper","<p><strong>Fabric:</strong></p>
<p>Acrylic</p>
<p>&nbsp;</p>","Bloch Cable Knit Crop Dance Jumper","Bloch Cable Knit Crop Dance Jumper. Bloch professional dancewear since 1932",
284,"Bloch V Neck Open Back Knit Dance Jumper","<p><strong>Fabric:</strong></p>
<p>Acrylic</p>
<p>&nbsp;</p>","Bloch V Neck Open Back Knit Dance Jumper","Bloch V Neck Open Back Knit Dance Jumper. Bloch professional dancewear since 1932",
285,"Bloch Twist Front Knit Headband","<p><strong>Fabric:</strong></p>
<p>Acrylic</p>","Bloch Twist Front Knit Headband","Bloch Twist Front Knit Headband. Bloch professional dancewear since 1932",
286,"Bloch Loop Back Womens Dance Shorts","<p><strong>Fabric:</strong></p>
<p>Cotton / Polyester / Rayon</p>","Bloch Loop Back Womens Dance Shorts","Bloch Loop Back Womens Dance Shorts. Bloch professional dancewear since 1932",
287,"Bloch Loop Back Womens Dance Pants","<p><strong>Fabric:</strong></p>
<p>Cotton / Polyester / Rayon&nbsp;</p>","Bloch Loop Back Womens Dance Pants","Bloch Loop Back Womens Dance Pants. Bloch professional dancewear since 1932",
288,"Bloch Axiom Pointe Ballet Shoes","<p>The Axiom is built on a similar last to the Heritage giving the shoe a flatter aesthetic. It features a U shaped vamp, lower sides and angled seaming.&nbsp;</p>","Bloch Axiom Pointe Ballet Shoes","Bloch Axiom Pointe Ballet Shoes. Bloch professional ballet shoes since 1932",
292,"Bloch Bakani Pleated Cross Halter Dance Leotard ","<p>Pleated cross front halter leotard.&nbsp;</p>
<p>&nbsp;</p>
<p><strong>Fabric:</strong></p>
<p>Main - Microlux&trade; Nylon / Spandex</p>
<p>Contrast - Polyester / Spandex Pleated&nbsp;</p>
<p>&nbsp;</p>
<p>SPRING/SUMMER 2012</p>
<p>COMING SOON!</p>
<p><strong><br /></strong></p>","Bloch Bakani Pleated Cross Halter Dance Leotard ","Bloch Bakani Pleated Cross Halter Dance Leotard . Bloch professional dancewear since 1932",
293,"Bloch Abelo Pleated Chevron Cami Dance Leotard","<p>Pleated band chevron front cami leotard.</p>
<p>&nbsp;</p>
<p><strong>Fabric:</strong></p>
<p>Main - Microlux&trade; Nylon / Spandex</p>
<p>Contrast - Polyester / Spandex Pleated&nbsp;</p>
<p>&nbsp;</p>
<p>SPRING/SUMMER 2012</p>
<p>COMING SOON!</p>","Bloch Abelo Pleated Chevron Cami Dance Leotard","Bloch Abelo Pleated Chevron Cami Dance Leotard. Bloch professional dancewear since 1932",
294,"Bloch Abassi Pleated Overlap V-back Dance Leotard","<p>Pleated ovelap V-back cami leotard.</p>
<p>&nbsp;</p>
<p><strong>Fabric:</strong></p>
<p>Main - Microlux&trade; Nylon / Spandex</p>
<p>Contrast - Polyester / Spandex Pleated&nbsp;</p>
<p>&nbsp;</p>
<p>SPRING/SUMMER 2012</p>
<p>COMING SOON!</p>","Bloch Abassi Pleated Overlap V-back Dance Leotard","Bloch Abassi Pleated Overlap V-back Dance Leotard. Bloch professional dancewear since 1932",
295,"Bloch Abeni Pleated Overlap Cap Dance Leotard","<p>Pleated overlap front cap sleeve leotard.&nbsp;</p>
<p>&nbsp;</p>
<p><strong>Fabric:</strong></p>
<p>Main - Microlux&trade; Nylon / Spandex</p>
<p>Contrast - Polyester / Spandex Pleated&nbsp;</p>
<p>&nbsp;</p>
<p>SPRING/SUMMER 2012</p>
<p>COMING SOON!</p>
<p><strong><br /></strong></p>","Bloch Abeni Pleated Overlap Cap Dance Leotard","Bloch Abeni Pleated Overlap Cap Dance Leotard. Bloch professional dancewear since 1932",
296,"Bloch Kate 3/4 V-front Neck Dance Leotard","<p>3/4 sleeve V-front neck leotard.</p>
<p>&nbsp;</p>
<p><strong>Fabric:</strong></p>
<p>Main - Dritex&trade; Nylon / Spandex</p>
<p>Contrast - Nylon / Spandex Lace&nbsp;</p>
<p>&nbsp;</p>
<p>SPRING/SUMMER 2012</p>
<p>COMING SOON!</p>","Bloch Kate 3/4 V-front Neck Dance Leotard","Bloch Kate 3/4 V-front Neck Dance Leotard. Bloch professional dancewear since 1932",
297,"Bloch Chipo Lace Back Halter Dance Leotard","<p>Lace back band halter leotard.</p>
<p>&nbsp;</p>
<p><strong>Fabric:</strong></p>
<p>Main - Dritex&trade; Nylon / Spandex</p>
<p>Contrast - Nylon / Spandex Lace&nbsp;</p>
<p>&nbsp;</p>
<p>SPRING/SUMMER 2012</p>
<p>COMING SOON!</p>","Bloch Chipo Lace Back Halter Dance Leotard","Bloch Chipo Lace Back Halter Dance Leotard. Bloch professional dancewear since 1932",
298,"Bloch Ebo Lace Neck Halter Dance Leotard","<p>Lace neck band halter leotard with buttons.&nbsp;</p>
<p>&nbsp;</p>
<p><strong>Fabric:</strong></p>
<p>Main - Dritex&trade; Nylon / Spandex</p>
<p>Contrast - Nylon / Spandex Lace&nbsp;</p>
<p>&nbsp;</p>
<p>SPRING/SUMMER 2012</p>
<p>COMING SOON!</p>","Bloch Ebo Lace Neck Halter Dance Leotard","Bloch Ebo Lace Neck Halter Dance Leotard. Bloch professional dancewear since 1932",
299,"Bloch Chiwa Button Back Lace Dance Leotard","<p>Button back cap sleeve lace leotard.</p>
<p>&nbsp;</p>
<p><strong>Fabric:</strong></p>
<p>Main - Dritex&trade; Nylon / Spandex</p>
<p>Contrast - Nylon / Spandex Lace&nbsp;</p>
<p>&nbsp;</p>
<p>SPRING/SUMMER 2012</p>
<p>COMING SOON!</p>","Bloch Chiwa Button Back Lace Dance Leotard","Bloch Chiwa Button Back Lace Dance Leotard. Bloch professional dancewear since 1932",
300,"Bloch Floral Gel Print Tank Dance Leotard","<p><strong>Fabric:</strong></p>
<p>Main - Microlux&trade; Nylon / Spandex</p>
<p>Contrast -&nbsp;Microlux&trade; Nylon / Spandex Printed</p>
<p>&nbsp;</p>
<p>SPRING/SUMMER 2012</p>
<p>COMING SOON!</p>
<p><strong><br /></strong></p>","Bloch Floral Gel Print Tank Dance Leotard","Bloch Floral Gel Print Tank Dance Leotard. Bloch professional dancewear since 1932",
301,"Bloch Floral Gel Print Cami Dance Leotard","<p><strong>Fabric:</strong></p>
<p>Main - Microlux&trade; Nylon / Spandex</p>
<p>Contrast -&nbsp;Microlux&trade; Nylon / Spandex Printed</p>
<p>&nbsp;</p>
<p>SPRING/SUMMER 2012</p>
<p>COMING SOON!</p>","Bloch Floral Gel Print Cami Dance Leotard","Bloch Floral Gel Print Cami Dance Leotard. Bloch professional dancewear since 1932",
302,"Bloch Floral Gel Print Cap Sleeve Dance Leotard","<p><strong>Fabric:</strong></p>
<p>Main - Microlux&trade; Nylon / Spandex</p>
<p>Contrast -&nbsp;Microlux&trade; Nylon / Spandex Printed</p>
<p>&nbsp;</p>
<p>SPRING/SUMMER 2012</p>
<p>COMING SOON!</p>","Bloch Floral Gel Print Cap Sleeve Dance Leotard","Bloch Floral Gel Print Cap Sleeve Dance Leotard. Bloch professional dancewear since 1932",
303,"Bloch Multi Back Strap Dance Leotard","<p><strong>Fabric:</strong></p>
<p>Main - Microlux&trade; Nylon / Spandex</p>
<p>Contrast -&nbsp;Microlux&trade; Nylon / Spandex Printed</p>
<p>&nbsp;</p>
<p>SPRING/SUMMER 2012</p>
<p>COMING SOON!</p>","Bloch Multi Back Strap Dance Leotard","Bloch Multi Back Strap Dance Leotard. Bloch professional dancewear since 1932",
304,"Bloch Attached Pleated Top","<p>Attached pleated top cami leotard.</p>
<p>&nbsp;</p>
<p><strong>Fabric:</strong></p>
<p>Macro Spandex</p>","Bloch Attached Pleated Top","Bloch Attached Pleated Top. Bloch professional dancewear since 1932",
306,"Bloch Lightening Womens Fitness Dance Sneakers","<p>A high performace full-sole sneaker designer specifically for dance fitness.&nbsp;</p>
<p>&nbsp;</p>
<p>Features:</p>
<ul>
<li>Lightweight multi-layered sole provides bounce and shock absorption for jumps. A combination of high-tech materials offers optimum support and flexibility in a full sole.</li>
<li>High density smooth spin spot assists in free movement related to spinning and sliding.&nbsp;</li>
<li>Pads surrounding the spin spot give balance and control.</li>
<li>Outer side of sole acts as a break when sliding. The grip offers satbility in neutral positions as well as quick foot movements.&nbsp;</li>
<li>Streamline upper provides dynamic fit that holds the foot securely during the movement.&nbsp;</li>
<li>Reinforced toe area for foot work.</li>
<li>Breathable mesh keeps feet cool.&nbsp;</li>
</ul>
<p>&nbsp;</p>
<p>COMING SOON!</p>
<ul>
</ul>","Bloch Lightening Womens Fitness Dance Sneakers","Bloch Lightening Womens Fitness Dance Sneakers. The only trainer shoes specially designed for the needs of street dancers. Bloch handmade professional dance shoes since 1932",
307,"Bloch Apex Womens Fitness Dance Sneakers","<p>A high performace full-sole sneaker designer specifically for dance fitness.&nbsp;</p>
<p>&nbsp;</p>
<p>Features:</p>
<ul>
<li>Lightweight multi-layered sole provides bounce and shock absorption for jumps. A combination of high-tech materials offers optimum support and flexibility in a full sole.</li>
<li>High density smooth spin spot assists in free movement related to spinning and sliding.&nbsp;</li>
<li>Pads surrounding the spin spot give balance and control.</li>
<li>Outer side of sole acts as a break when sliding. The grip offers satbility in neutral positions as well as quick foot movements.&nbsp;</li>
<li>Streamline upper provides dynamic fit that holds the foot securely during the movement.&nbsp;</li>
<li>Reinforced toe area for foot work.</li>
<li>Breathable mesh keeps feet cool.&nbsp;</li>
</ul>
<p>&nbsp;</p>
<p>COMING SOON!</p>","Bloch Apex Womens Fitness Dance Sneakers","Bloch Apex Womens Fitness Dance Sneakers. The only trainer shoes specially designed for the needs of street dancers. Bloch handmade professional dance shoes since 1932",
308,"Bloch Tranverse Womens Fitness Dance Sneakers","<p>A high performace full-sole sneaker designer specifically for dance fitness.&nbsp;</p>
<p>&nbsp;</p>
<p>Features:</p>
<ul>
<li>Lightweight multi-layered sole provides bounce and shock absorption for jumps. A combination of high-tech materials offers optimum support and flexibility in a full sole.</li>
<li>High density smooth spin spot assists in free movement related to spinning and sliding.&nbsp;</li>
<li>Pads surrounding the spin spot give balance and control.</li>
<li>Outer side of sole acts as a break when sliding. The grip offers satbility in neutral positions as well as quick foot movements.&nbsp;</li>
<li>Streamline upper provides dynamic fit that holds the foot securely during the movement.&nbsp;</li>
<li>Reinforced toe area for foot work.</li>
<li>Breathable mesh keeps feet cool.&nbsp;</li>
</ul>
<p>&nbsp;</p>
<p>COMING SOON!</p>","Bloch Tranverse Womens Fitness Dance Sneakers","Bloch Tranverse Womens Fitness Dance Sneakers. The only trainer shoes specially designed for the needs of street dancers. Bloch handmade professional dance shoes since 1932",
309,"Bloch Apex Mid Womens Fitness Dance Sneakers","<p>A high performace full-sole sneaker designer specifically for dance fitness.&nbsp;</p>
<p>&nbsp;</p>
<p>Features:</p>
<ul>
<li>Lightweight multi-layered sole provides bounce and shock absorption for jumps. A combination of high-tech materials offers optimum support and flexibility in a full sole.</li>
<li>High density smooth spin spot assists in free movement related to spinning and sliding.&nbsp;</li>
<li>Pads surrounding the spin spot give balance and control.</li>
<li>Outer side of sole acts as a break when sliding. The grip offers satbility in neutral positions as well as quick foot movements.&nbsp;</li>
<li>Streamline upper provides dynamic fit that holds the foot securely during the movement.&nbsp;</li>
<li>Reinforced toe area for foot work.</li>
<li>Breathable mesh keeps feet cool.</li>
<li>Mid cut for ankle support. &nbsp;</li>
</ul>
<p>&nbsp;</p>
<p>COMING SOON!</p>","Bloch Apex Mid Womens Fitness Dance Sneakers","Bloch Apex Mid Womens Fitness Dance Sneakers. The only trainer shoes specially designed for the needs of street dancers. Bloch handmade professional dance shoes since 1932",
310,"Bloch Traverse Mid Womens Fitness Dance Sneakers","<p>A high performace full-sole sneaker designer specifically for dance fitness.&nbsp;</p>
<p>&nbsp;</p>
<p>Features:</p>
<ul>
<li>Lightweight multi-layered sole provides bounce and shock absorption for jumps. A combination of high-tech materials offers optimum support and flexibility in a full sole.</li>
<li>High density smooth spin spot assists in free movement related to spinning and sliding.&nbsp;</li>
<li>Pads surrounding the spin spot give balance and control.</li>
<li>Outer side of sole acts as a break when sliding. The grip offers satbility in neutral positions as well as quick foot movements.&nbsp;</li>
<li>Streamline upper provides dynamic fit that holds the foot securely during the movement.&nbsp;</li>
<li>Reinforced toe area for foot work.</li>
<li>Breathable mesh keeps feet cool.&nbsp;</li>
<li>Mid cut for ankle support.</li>
</ul>
<p>&nbsp;</p>
<p>COMING SOON!</p>","Bloch Traverse Mid Womens Fitness Dance Sneakers","Bloch Traverse Mid Womens Fitness Dance Sneakers. The only trainer shoes specially designed for the needs of street dancers. Bloch handmade professional dance shoes since 1932",
311,"Bloch Zenith Womens Ballet Shoes","<p>Utimate stretch canvas ballet flat giving a streamlined fit reflecting contours of the foot while being extremely comfortable.</p>
<p>&nbsp;</p>
<p>Features:</p>
<ul>
<li>Ultimate stretch canvas upper with elasticated binding</li>
<li>Unique design with split sole suede outsole.&nbsp;</li>
</ul>
<p>&nbsp;</p>
<p>COMING SOON!</p>","Bloch Zenith Womens Ballet Shoes","Bloch Zenith Womens Ballet Shoes. Bloch professional ballet shoes since 1932",
312,"Bloch Phantom Womens Jazz Shoes","<p>Reflects Shape of the foot holding shoe firmly to foot. Combination of suede and rubber outsole allows for spin without slipping.</p>
<p>&nbsp;</p>
<p>Features:</p>
<ul>
<li>Stretch canvas upper with elasticated binding</li>
<li>Reflects contours of the foot, enhancing the arch</li>
<li>Combination suede/rubber split</li>
<li>REVOLUTIONARY moldable suede front sole for feel-the-floor action, allows spins when turning up but <span style=""text-decoration: underline;"">brakes</span> when flat</li>
<li>Forefoot design provides excellent slide and controlled grip</li>
</ul>
<p>&nbsp;</p>
<p>COMING SOON!&nbsp;</p>","Bloch Phantom Womens Jazz Shoes","Bloch Phantom Womens Jazz Shoes. Bloch professional ballet shoes since 1932",
313,"Bloch Pulse Womens Jazz Shoes","<p>The perfect competition jazz shoe, reflects curve of the instep with glove like fit, and low profile.</p>
<p>&nbsp;</p>
<p>Features:</p>
<ul>
<li>Arch hugging neoprene stretch satin arch.</li>
<li>Soft leather upper.</li>
<li>Embossed pleat detail accentuates arch.</li>
<li>Moldable suede front sole, for feel-the-floor action, perfect for spinning and turning.</li>
<li>New low profile heel to get closer-to-the-floor feeling. Gives the dancer optimum control for stopping.</li>
<li>Split sole design.</li>
</ul>
<p>&nbsp;</p>
<p>COMING SOON!</p>","Bloch Pulse Womens Jazz Shoes","Bloch Pulse Womens Jazz Shoes. Bloch handmade professional dance jazz shoes since 1932",
314,"Bloch Rayze Womens Dance Shoes","<p>Innovative, dramatic arch design that hugs the instep and hold shoe firmly to the foot.&nbsp;</p>
<p>&nbsp;</p>
<p>Features:</p>
<ul>
<li>Arch design to enhance curves.</li>
<li>Soft leather upper.</li>
<li>Elastic lace slip-on design.</li>
<li>Rubber split sole.</li>
</ul>
<p>&nbsp;</p>
<p>COMING SOON!</p>","Bloch Rayze Womens Dance Shoes","Bloch Rayze Womens Dance Shoes. Bloch handmade professional dance shoes since 1932",
315,"Bloch Hi-Arc Womens Dance Shoes ","<p>Imitates shape of the instep holding shoe firmly to foot. Combination of suede and rubber outsole allows for spin without slipping.</p>
<p>&nbsp;</p>
<p>Features:</p>
<ul>
<li>Dramatic design with arch enhancing curves.</li>
<li>Soft leather upper.</li>
<li>Elastic lace slip-on design.</li>
<li>REVOLUTIONARY moldable suede front sole, for feel-the-floor action, allows spins when up turning but <span style=""text-decoration: underline;"">brakes</span> when flat.</li>
<li>New low profile heel to get closer-to-the-floor feeling. Gives the dancer optimum control for stopping.</li>
<li>Split sole design.&nbsp;</li>
</ul>
<p>&nbsp;</p>
<p>COMING SOON!</p>","Bloch Hi-Arc Womens Dance Shoes ","Bloch Hi-Arc Womens Dance Shoes. Bloch handmade professional dance shoes since 1932",
